,0,1,2,3,4,5,6,7,8,9,10,11,12,13,14,15,16,17,18,19,20,21,22,23,24,25,26,27,28,29,30,31,32,33,34,35,36,37,38,39,40,41,42,43,44,45,46,47,48,49,50,51,52,53,54,55,56,57,58,59,60,61,62,63,64,65,66,67,68,69,70,71,72,73,74,75,76,77,78,79,80,81,82,83,84,85,86,87,88,89,90,91,92,93,94,95
0,1,7,9,1,0,3,0,0,1,0,1,2,2,6,1,1,14,0,3,1,1,0,0,0,0,7,4,0,1,0,16,0,0,0,0,2,1,0,0,0,4,10,14,2,0,0,0,0,0,2,4,6,1,0,0,2,0,1,0,6,0,0,0,21,2,1,2,4,0,1,2,0,4,0,0,0,4,0,0,0,0,0,7,1,0,0,0,14,1,0,0,0,3,3,0,0
1,0,7,9,1,0,1,6,5,0,0,0,0,2,1,2,1,13,0,10,4,0,5,5,1,1,14,4,0,2,11,10,1,3,0,0,1,3,0,0,0,20,16,9,6,7,0,0,0,0,0,11,2,1,1,0,19,0,0,0,3,0,0,0,0,3,2,8,8,0,4,10,0,11,1,0,1,3,0,2,0,3,0,3,1,0,0,0,23,0,3,0,2,3,16,1,0
2,0,0,0,1,0,0,0,0,0,0,1,0,1,0,6,1,0,0,1,0,0,0,0,2,0,0,0,0,0,1,0,0,1,0,0,3,1,0,0,0,6,1,1,0,0,0,2,0,0,0,0,0,0,0,0,9,0,0,0,19,0,0,0,0,0,0,1,3,0,0,0,0,2,0,0,0,0,0,2,0,0,0,0,0,0,0,0,4,0,0,0,0,0,0,0,0
3,0,0,2,0,0,0,0,0,1,0,1,0,1,0,6,0,1,0,5,0,0,1,1,0,1,1,0,0,0,0,4,0,0,0,0,0,0,0,0,0,6,5,2,0,3,0,0,0,0,0,1,0,0,0,0,3,0,0,0,4,0,0,0,0,0,0,1,2,0,0,2,0,5,1,0,0,0,0,0,0,1,0,0,0,0,0,0,3,0,1,0,0,0,1,0,0
4,0,1,0,0,0,0,0,0,0,1,1,0,0,0,2,0,0,0,1,0,0,0,0,0,0,1,1,0,0,0,0,0,0,0,0,0,0,0,0,0,1,0,0,0,0,0,0,0,0,0,0,0,2,0,0,0,0,0,0,0,0,0,0,0,0,0,0,1,0,0,3,0,3,1,0,0,0,0,1,1,0,0,0,0,0,1,0,0,0,0,1,0,0,0,0,0
5,0,1,1,0,0,0,0,0,0,0,1,0,1,0,0,0,1,0,0,0,0,0,0,0,0,0,1,0,0,0,1,2,0,0,0,1,0,0,6,0,3,1,0,0,0,0,0,0,0,0,0,1,0,0,0,0,0,0,1,0,0,1,0,0,1,0,1,0,0,0,3,0,0,0,0,1,0,2,1,0,0,0,0,0,0,0,0,0,0,0,0,0,0,0,0,0
6,0,0,0,0,0,0,0,0,0,3,1,0,2,0,0,0,2,0,0,0,0,0,0,0,0,0,1,0,0,0,3,1,0,0,0,1,0,0,0,0,1,1,1,0,0,0,3,0,0,0,2,0,2,0,0,0,0,0,0,0,0,0,0,0,0,0,2,0,0,0,0,0,2,0,0,0,0,0,0,0,0,0,0,0,0,0,0,0,0,0,0,0,0,0,0,0
7,0,0,0,0,0,0,0,0,0,0,1,6,2,0,0,5,1,0,0,0,0,0,0,1,0,0,2,0,0,0,1,1,0,0,0,0,0,0,0,0,0,1,0,1,0,0,1,0,0,0,0,0,0,0,0,0,0,0,0,2,0,1,0,0,0,0,2,3,0,0,0,0,3,0,0,0,0,0,1,0,0,0,0,0,0,0,0,5,0,0,0,0,0,0,0,0
8,0,0,0,3,0,0,0,0,0,16,0,0,4,0,6,0,3,0,24,1,0,0,0,0,3,2,0,0,1,0,6,0,0,0,0,6,4,0,0,0,2,1,0,0,0,0,0,0,0,0,3,0,71,0,0,5,0,0,1,24,0,0,0,0,0,1,36,23,0,0,1,0,28,5,0,0,0,0,3,0,0,0,0,0,8,17,4,33,0,0,2,0,0,4,1,0
9,1,5,25,2,0,4,6,7,7,0,0,3,5,7,8,3,37,0,10,6,2,10,3,1,0,20,0,0,1,25,40,0,4,0,0,3,6,0,0,0,27,33,28,15,6,0,0,0,0,1,12,3,1,1,0,6,0,1,3,7,0,0,0,0,5,2,16,27,0,10,12,1,5,1,0,1,4,0,1,0,6,1,14,1,0,1,0,46,1,10,0,5,3,17,2,0
10,0,7,12,8,0,2,0,0,1,32,0,0,3,3,7,0,12,0,15,5,0,0,0,0,1,13,0,2,1,0,17,2,0,0,0,1,2,0,0,0,0,14,15,2,0,0,1,1,0,0,10,2,76,0,0,7,0,0,0,7,0,0,0,0,4,2,31,17,0,8,5,0,30,15,0,0,0,0,4,3,0,0,8,0,8,14,10,36,2,0,10,0,0,15,1,0
11,1,3,0,0,0,0,0,0,0,0,1,0,4,0,1,0,1,0,0,0,0,1,0,3,0,2,0,0,0,0,1,0,0,0,0,2,8,0,7,0,1,0,0,4,0,0,0,1,0,0,1,0,0,0,0,0,0,1,0,3,0,1,0,0,1,1,2,2,0,0,10,0,0,1,0,0,0,4,3,0,0,0,1,0,0,1,0,1,0,0,0,0,0,2,0,0
12,3,6,11,1,0,11,0,0,0,0,0,0,1,13,4,0,21,0,8,0,0,2,0,0,0,8,0,0,0,0,19,1,0,1,0,6,1,0,0,1,5,16,13,13,0,0,2,3,0,0,1,5,0,2,0,2,0,3,0,13,0,0,0,0,2,0,2,4,0,0,2,0,4,3,2,0,5,0,2,0,0,0,9,1,0,1,0,14,5,0,0,0,1,6,0,0
13,0,4,8,3,5,0,8,5,1,0,1,1,1,0,4,1,8,0,10,0,0,3,0,4,1,5,1,0,4,3,9,0,4,0,0,4,1,0,0,0,23,9,4,5,4,0,2,0,0,2,7,7,0,0,0,10,0,0,1,8,0,4,1,0,4,1,9,12,0,1,7,0,20,5,0,0,7,0,2,0,5,3,4,0,0,2,0,17,0,5,0,3,0,5,0,0
14,0,3,10,3,0,5,8,6,1,0,1,0,1,4,5,1,4,0,7,1,0,5,0,0,0,10,0,0,3,14,12,2,2,0,0,6,2,0,0,0,23,7,8,1,11,0,0,1,0,0,5,2,1,0,0,12,0,0,0,2,1,0,0,0,1,0,13,10,0,6,2,0,11,0,0,0,4,0,2,0,5,0,1,0,0,0,0,19,1,1,0,2,0,10,1,0
15,1,3,6,7,1,2,6,2,4,0,0,7,4,4,7,4,5,0,12,0,0,7,3,1,0,10,1,0,0,10,5,1,7,0,0,4,3,0,0,1,23,8,5,2,8,1,0,1,0,1,8,3,0,0,0,9,0,0,0,2,0,0,0,0,2,0,17,15,0,4,0,0,17,0,0,0,5,0,3,0,2,2,4,0,0,0,0,30,1,7,0,0,2,11,0,0
16,0,1,0,2,1,0,0,0,0,0,0,3,1,0,1,1,0,0,3,0,0,0,0,3,0,0,0,0,0,0,0,0,0,0,0,1,0,0,0,1,2,1,0,0,0,0,0,0,0,2,1,0,1,0,0,8,1,0,0,0,0,6,0,0,0,0,2,0,0,0,5,0,11,0,0,1,0,1,1,0,0,0,1,0,0,0,0,0,1,0,0,0,0,0,0,0
17,0,2,0,0,0,0,0,0,2,0,0,0,2,0,0,1,3,0,0,0,0,0,0,0,0,0,1,0,0,0,1,0,0,0,0,0,0,0,0,0,0,2,2,0,0,0,1,1,0,0,0,0,0,0,0,0,0,0,1,5,0,0,0,0,1,0,1,1,0,0,0,0,0,1,0,0,0,0,2,0,0,0,1,0,0,2,0,0,1,0,0,0,0,0,0,0
18,0,2,6,4,0,0,5,7,0,0,1,0,1,0,0,0,7,0,6,1,0,13,1,0,0,7,0,0,0,10,9,1,0,0,0,3,0,0,0,0,26,9,4,3,13,0,0,1,0,0,8,0,0,1,0,9,0,0,0,1,0,0,0,0,5,1,6,13,0,8,2,0,18,0,0,0,8,0,1,0,2,0,5,0,0,0,0,16,0,5,0,3,1,22,0,0
19,0,0,1,4,2,0,0,0,3,0,1,0,1,0,1,0,0,0,5,1,0,0,0,1,1,0,2,1,4,0,4,1,0,0,0,1,4,0,12,7,3,3,1,1,0,0,0,1,0,1,0,1,0,0,0,4,6,0,2,7,0,0,0,0,0,0,2,0,0,0,15,1,7,3,0,0,0,3,1,0,0,0,3,1,0,4,0,5,0,0,0,0,0,0,0,0
20,0,3,0,8,1,0,1,0,1,0,0,0,5,0,0,1,0,0,0,0,0,1,0,0,0,0,0,0,0,0,0,0,0,0,0,1,2,0,0,0,14,0,0,0,1,0,0,1,0,0,0,0,1,0,0,0,0,0,0,3,0,4,0,0,0,0,1,1,0,0,7,0,0,2,0,3,1,0,1,0,0,0,0,1,0,2,0,1,0,0,0,0,0,0,0,0
21,0,1,3,6,3,1,4,1,0,0,0,0,1,0,8,1,3,0,1,0,0,5,0,0,0,3,0,0,0,3,2,1,4,0,0,3,0,0,0,0,4,1,4,0,8,1,2,5,0,0,2,2,2,0,0,9,0,0,0,6,0,0,0,0,0,0,3,4,0,0,3,0,0,0,0,1,5,0,12,0,1,1,7,3,0,0,0,0,1,0,0,0,0,2,1,0
22,3,5,20,0,0,3,0,1,0,0,0,0,1,4,7,0,39,0,1,10,4,3,0,0,1,2,0,1,0,0,27,0,0,0,0,5,6,0,0,0,2,40,27,13,0,0,0,0,0,0,4,3,0,0,0,1,0,2,2,3,2,0,1,0,2,0,6,7,0,1,3,0,1,1,1,0,2,0,2,0,1,1,11,1,0,1,0,36,1,1,0,0,8,10,1,0
23,0,2,7,1,0,0,6,6,0,0,0,0,2,6,18,7,7,0,19,2,0,13,6,1,1,10,8,0,9,9,11,0,0,0,0,6,9,0,0,0,43,8,5,11,4,0,5,0,1,0,1,12,1,3,0,25,10,2,0,14,0,0,0,0,0,1,21,21,0,7,10,1,25,0,0,0,8,0,10,0,8,9,1,0,0,0,0,18,6,2,0,10,3,23,0,0
24,0,2,0,16,0,0,0,0,0,8,1,0,1,0,1,0,1,0,6,0,0,0,0,2,5,1,0,0,0,0,2,0,0,0,0,2,2,0,0,0,3,5,0,0,0,0,3,0,0,0,1,0,7,0,0,0,0,0,1,6,0,0,0,0,0,1,12,3,0,0,1,1,27,4,0,1,0,0,12,0,0,3,0,1,4,3,0,19,1,0,0,0,0,1,0,0
25,0,2,0,5,0,0,0,1,1,0,0,0,2,0,3,0,0,0,9,0,0,4,1,0,0,3,0,0,0,5,2,0,0,0,0,2,0,0,0,0,12,4,0,0,6,0,0,0,0,0,3,0,0,0,0,5,0,0,0,5,0,0,0,0,0,0,5,2,0,0,0,2,4,0,0,0,1,0,1,0,3,0,1,0,0,0,0,6,0,0,0,0,0,1,0,0
26,0,0,0,1,1,5,0,0,3,0,1,1,1,1,0,0,0,0,1,0,0,0,0,0,2,0,0,0,0,0,0,1,0,0,0,0,0,0,1,0,0,0,0,0,0,0,0,0,0,1,0,0,0,0,2,0,0,0,0,2,0,1,0,0,0,0,0,0,0,0,1,0,0,0,0,0,0,0,1,0,0,0,1,0,0,0,0,1,0,0,0,0,0,0,0,0
27,1,1,10,1,0,1,0,1,0,0,1,0,2,7,1,0,17,0,2,2,1,2,0,0,0,2,0,0,0,0,15,0,0,0,0,1,2,0,0,0,4,15,12,5,0,0,0,0,0,0,2,2,0,0,0,0,0,2,1,0,0,0,0,0,0,1,1,4,0,0,2,0,3,0,0,0,2,0,2,0,2,0,9,0,1,0,0,17,0,1,0,0,3,4,0,0
28,0,0,0,0,3,0,0,0,5,0,1,1,7,0,1,3,0,0,0,0,0,0,0,0,0,0,0,0,0,0,1,1,0,0,0,1,0,0,5,0,1,0,0,0,0,1,2,3,0,1,0,0,0,0,1,0,0,0,1,1,0,2,0,0,0,0,1,1,0,0,2,0,0,0,0,0,0,2,1,0,0,0,0,0,0,0,0,2,0,0,0,0,0,0,0,0
29,0,3,0,1,0,0,0,0,1,0,0,0,1,0,0,0,0,0,0,0,0,0,0,0,0,3,0,0,1,0,0,0,0,1,0,4,2,0,16,0,0,0,0,1,0,0,2,1,0,0,0,0,0,0,0,0,0,0,0,2,0,0,0,0,3,0,1,2,0,0,1,0,1,0,0,0,1,3,0,0,0,0,6,2,0,1,0,1,0,0,0,0,0,1,0,0
30,0,0,1,1,0,0,0,3,0,0,0,0,4,0,4,0,0,0,1,0,2,2,0,1,1,2,0,0,0,1,6,0,0,0,0,2,3,0,0,0,22,0,1,1,0,0,0,0,0,0,3,7,0,3,0,1,0,0,0,5,0,0,0,0,0,1,0,6,0,6,1,0,0,0,0,0,0,0,2,0,1,0,3,0,0,0,0,12,1,0,0,1,0,2,0,0
31,0,2,7,3,0,0,0,4,3,0,1,0,1,1,4,0,5,0,12,0,0,3,3,0,0,4,0,0,0,5,3,1,4,0,0,2,1,0,0,0,16,4,2,1,4,0,1,0,0,0,4,0,0,0,0,4,0,0,0,3,0,0,0,0,0,1,10,10,0,4,1,0,5,0,0,0,1,0,4,0,1,1,1,0,0,0,0,19,0,1,0,0,0,5,0,0
32,4,1,15,6,0,6,12,1,12,0,0,1,8,0,3,0,23,0,21,3,0,16,17,2,2,28,0,0,1,30,18,2,18,0,0,7,3,0,0,0,78,24,15,5,18,0,9,2,0,0,10,1,0,0,0,33,2,0,0,16,0,0,0,0,1,4,26,40,0,15,10,0,26,0,0,5,6,0,7,0,2,0,16,0,1,2,0,52,1,4,0,13,8,73,4,0
33,0,0,0,0,0,0,0,0,0,1,0,0,2,0,0,0,0,0,0,0,0,0,0,0,0,0,0,0,0,0,0,0,0,0,0,0,0,0,0,0,0,0,0,0,0,0,0,0,0,0,0,0,2,0,0,0,0,0,0,0,0,0,0,0,0,0,0,1,0,0,0,0,0,0,0,0,0,0,0,0,0,0,0,0,0,0,0,4,6,0,0,0,0,0,0,0
34,0,2,1,0,0,0,0,0,1,0,1,1,1,4,2,0,3,0,1,0,0,1,0,0,0,3,1,0,0,0,3,0,1,0,0,1,0,0,0,0,4,2,1,0,0,0,1,0,0,0,2,0,0,0,1,1,0,0,0,1,1,0,1,0,0,1,1,1,0,2,4,0,1,1,0,0,2,0,1,0,0,1,1,0,0,1,0,5,0,0,0,1,0,0,0,0
35,0,2,0,1,0,0,1,0,1,0,0,0,1,0,0,0,0,0,3,0,0,5,7,0,0,11,0,0,0,8,2,0,0,0,0,5,1,0,0,0,10,0,0,0,1,0,1,0,0,0,5,0,0,0,0,7,0,0,0,8,0,0,0,0,0,1,1,6,0,8,4,0,5,0,0,0,4,0,1,0,1,0,2,0,0,0,0,11,0,2,0,0,0,6,0,0
36,0,1,0,1,5,0,0,0,3,0,1,0,2,0,11,0,0,0,0,0,0,0,0,0,0,0,0,0,0,0,1,3,0,0,0,4,7,0,16,2,3,1,0,1,0,1,0,15,0,0,0,0,0,0,0,0,0,0,0,0,0,0,0,0,0,0,7,8,0,5,4,0,0,0,0,0,1,4,1,0,0,0,1,0,0,1,0,4,0,0,0,0,0,3,0,0
37,1,2,16,3,0,21,10,5,3,0,1,6,3,9,5,2,21,0,9,1,2,7,2,0,0,10,0,0,1,11,26,0,1,0,0,3,1,0,0,0,20,11,13,11,6,0,0,0,0,10,12,2,1,0,6,11,0,1,3,6,0,0,1,0,3,3,21,18,0,8,4,1,15,1,1,0,5,0,4,0,3,0,9,2,0,0,0,28,3,4,0,2,1,8,0,0
38,2,0,0,0,1,0,0,2,0,0,1,0,1,1,0,0,2,0,1,0,0,0,0,1,0,1,1,0,0,0,2,0,0,0,0,1,0,0,0,0,1,2,1,0,0,1,0,0,0,0,0,1,0,1,0,0,0,1,1,0,0,0,0,0,0,0,1,0,0,0,2,0,0,0,0,0,0,1,1,0,1,0,1,1,0,0,0,5,2,0,0,0,0,0,0,0
39,3,3,11,1,1,12,0,1,0,0,1,0,1,8,1,0,18,0,0,6,3,5,0,0,0,3,1,0,0,0,17,0,1,0,0,2,2,0,1,0,1,19,18,14,0,0,0,0,0,1,0,3,1,0,0,0,0,1,0,2,0,0,0,0,1,1,2,1,0,0,2,0,1,1,0,1,1,0,2,1,0,0,9,0,0,1,0,18,1,0,0,0,3,10,0,0
40,0,0,2,0,4,0,0,1,0,0,1,0,1,0,0,0,4,0,3,0,0,0,0,0,0,2,0,0,0,0,2,0,0,0,0,2,0,0,0,0,2,2,3,1,0,0,0,0,0,2,4,7,1,0,0,0,0,2,9,0,0,2,0,0,0,0,3,0,0,0,1,0,6,1,0,0,0,0,0,0,0,0,0,0,0,0,0,8,0,0,0,0,0,0,0,0
41,1,2,2,0,0,9,0,1,3,0,0,0,3,7,5,0,21,0,4,1,2,2,1,0,0,6,0,0,0,1,13,1,0,0,0,1,1,0,0,0,5,8,11,5,0,0,0,0,0,1,2,1,0,0,3,2,0,0,0,0,0,0,2,1,0,0,5,6,0,1,1,0,2,1,3,0,3,0,1,0,1,0,8,0,0,1,0,9,1,0,0,0,2,3,0,0
42,0,1,3,2,0,0,0,1,0,11,1,0,1,0,1,0,5,0,2,0,0,1,0,1,0,8,0,0,0,0,3,0,0,0,0,2,1,0,0,0,3,5,0,0,0,0,0,0,0,0,3,0,30,0,0,6,0,0,0,3,0,0,0,0,0,1,17,14,0,1,3,0,17,10,0,0,0,0,1,2,0,0,1,0,2,9,10,22,0,0,5,0,0,2,0,0
43,3,0,1,1,1,0,0,1,0,0,0,0,8,0,0,0,9,0,2,1,1,1,0,0,0,1,0,1,0,0,9,2,0,0,0,1,5,0,0,2,2,11,1,1,0,0,0,1,0,0,2,2,1,0,0,2,0,3,0,1,0,0,0,0,0,0,10,2,0,0,12,0,10,0,1,0,0,0,0,0,2,0,2,1,0,0,0,8,0,0,0,0,0,4,0,0
44,0,0,0,1,0,4,1,0,2,0,1,0,9,0,5,1,0,0,14,0,0,1,0,0,0,0,0,0,7,0,1,0,2,0,0,3,35,0,0,3,14,2,0,3,0,0,0,1,0,0,0,1,3,0,0,1,1,0,4,2,0,26,0,0,0,0,5,1,0,0,30,1,2,8,0,2,0,0,3,0,0,0,2,0,0,10,0,13,0,2,0,0,0,2,0,0
45,0,1,0,0,0,1,0,1,0,0,0,0,1,0,3,0,4,0,0,0,0,1,0,0,0,0,0,0,0,0,4,0,0,0,0,1,0,0,0,0,4,4,1,0,0,0,0,0,0,0,0,0,0,0,1,0,0,0,1,1,0,2,0,0,0,0,0,1,0,0,4,0,4,0,0,0,1,0,0,0,0,0,0,0,0,0,0,0,0,0,0,0,0,0,0,0
46,0,0,0,1,0,0,0,0,0,2,0,0,4,0,2,0,1,0,6,0,0,0,0,0,1,0,2,0,0,0,1,1,0,0,0,2,0,0,1,0,3,1,1,0,0,0,0,1,0,0,0,3,4,0,0,1,0,0,0,0,0,0,0,0,0,0,4,3,0,0,1,0,6,2,0,0,0,2,2,0,0,0,0,0,0,0,0,9,1,0,0,0,0,1,0,0
47,0,0,0,0,0,0,0,0,0,1,1,0,1,0,0,0,0,0,0,0,0,0,0,0,0,0,0,0,0,0,0,0,0,0,0,1,0,0,0,0,1,1,1,0,0,0,0,0,0,0,0,0,2,0,0,0,0,0,1,0,0,1,1,0,0,0,1,0,0,0,1,0,0,1,0,0,0,0,0,0,0,0,0,0,1,1,0,0,0,0,0,0,0,0,0,0
48,1,0,1,0,0,0,0,1,0,0,1,1,1,3,0,1,2,0,1,0,1,1,0,3,0,0,2,0,0,0,2,2,1,0,0,1,0,0,0,0,1,0,3,0,1,1,0,0,0,2,0,2,1,0,0,1,0,1,3,0,1,1,0,0,0,0,2,2,0,0,2,0,3,2,1,0,1,0,1,0,0,0,0,0,0,1,0,6,0,0,0,0,0,0,0,0
49,0,0,0,0,0,0,0,0,0,0,1,0,1,1,0,0,0,0,0,0,0,0,0,0,0,0,1,0,0,0,3,0,0,0,0,1,0,0,0,1,0,3,0,0,0,0,0,0,0,2,0,1,0,0,0,0,0,0,0,0,0,3,0,0,0,0,0,0,0,0,4,0,0,0,0,0,0,0,0,0,0,0,0,0,0,0,0,1,1,0,0,0,0,0,0,0
50,0,0,1,0,0,1,0,1,1,0,1,3,2,1,0,0,2,0,1,0,0,0,0,0,0,3,0,0,0,0,2,1,0,0,0,1,1,0,0,0,0,4,2,0,0,0,2,0,0,0,0,1,0,0,0,0,0,0,0,2,0,2,0,0,1,0,0,0,0,0,2,0,0,0,0,0,0,0,1,0,0,0,1,1,0,0,0,4,0,0,0,0,0,0,0,0
51,0,0,0,0,0,0,0,0,0,0,0,0,0,0,0,0,0,0,0,0,0,1,0,0,1,0,0,0,0,0,0,0,0,0,0,2,0,0,0,0,1,0,0,0,0,0,0,0,0,0,0,0,2,0,0,0,0,0,0,2,0,2,0,0,0,0,1,2,0,0,1,0,4,2,0,0,0,0,1,0,0,0,0,0,0,2,0,1,0,0,0,0,0,1,0,0
52,0,0,1,4,0,0,3,4,3,0,0,0,0,0,2,0,1,0,1,0,1,1,1,3,0,2,0,0,0,4,2,0,4,0,0,1,0,0,0,0,12,1,1,1,1,0,0,0,0,0,1,1,0,1,0,2,0,0,0,2,0,0,0,0,0,2,3,2,0,0,0,0,3,1,0,0,1,0,1,0,1,2,1,0,0,0,0,6,0,3,0,0,0,4,0,0
53,0,1,0,1,0,0,0,0,0,0,1,0,0,0,1,0,0,0,1,0,0,0,0,0,5,0,0,0,0,0,0,0,0,0,0,2,0,0,0,0,0,0,0,0,0,1,1,0,0,0,0,0,0,0,0,0,0,0,0,1,0,1,0,0,0,0,1,0,0,0,0,0,3,0,0,0,0,0,0,0,0,0,0,0,0,1,0,0,0,0,0,0,0,0,0,0
54,0,0,0,1,0,0,0,0,0,5,0,0,0,2,1,0,2,0,1,0,0,0,0,2,0,1,0,0,0,0,2,0,0,0,0,1,0,0,0,0,0,3,1,0,0,0,0,0,0,0,0,2,5,0,0,0,0,0,3,1,0,2,0,0,0,0,4,0,0,0,1,0,4,0,0,1,0,0,0,0,0,0,0,0,0,0,0,1,0,0,0,0,0,0,0,0
55,0,0,0,0,1,0,0,0,0,1,1,0,0,0,0,0,1,0,1,0,0,0,0,4,1,1,0,0,0,0,1,0,0,0,0,1,0,0,0,0,0,1,0,0,0,0,0,6,0,0,0,0,0,0,0,0,0,0,2,1,0,0,0,0,0,0,0,0,0,0,0,0,3,0,0,0,0,0,0,0,0,0,0,0,0,0,0,7,0,0,0,0,0,0,0,0
56,0,0,0,0,0,0,0,0,0,0,0,0,0,0,1,0,0,0,3,0,0,0,0,0,0,0,0,0,0,0,0,0,0,0,0,1,1,0,0,0,0,0,0,0,0,0,0,0,0,0,0,0,0,0,0,10,0,0,0,0,0,0,0,0,0,0,3,1,0,0,4,1,10,0,0,3,0,0,1,0,0,0,0,1,0,2,0,0,0,0,0,0,0,0,0,0
57,0,0,0,0,0,0,0,0,0,0,0,0,0,0,0,0,0,0,0,0,0,0,0,0,2,0,0,0,0,0,0,0,0,0,0,0,0,0,0,0,0,0,0,0,0,0,0,0,0,0,0,0,0,0,0,0,0,0,0,0,0,0,0,0,0,0,0,0,0,0,5,0,0,0,0,1,0,0,1,0,0,0,0,0,0,0,0,0,0,0,0,0,0,0,0,0
58,0,0,0,0,0,0,0,0,0,0,0,0,0,0,0,0,0,0,0,0,0,0,0,0,0,0,0,0,0,0,0,0,0,0,0,1,0,0,0,0,0,0,0,0,0,0,0,0,0,0,0,0,0,0,0,0,0,0,0,1,0,0,0,0,0,0,0,0,0,0,0,0,0,0,0,0,0,0,1,0,0,0,0,0,0,0,0,0,0,0,0,0,0,0,0,0
59,0,0,0,0,0,0,0,0,0,0,1,0,0,0,0,0,1,0,0,0,0,0,0,0,1,0,0,0,0,0,1,0,2,0,0,4,0,0,0,0,1,0,0,0,0,0,1,0,0,0,0,0,0,0,0,0,0,0,0,0,0,0,0,0,0,1,0,5,0,0,3,0,2,0,0,0,0,0,0,0,0,0,0,0,0,1,0,0,0,0,0,0,0,0,0,0
60,0,0,0,0,0,0,0,0,0,0,1,0,0,0,0,0,1,0,0,0,0,0,0,0,1,0,0,0,0,0,1,0,2,0,0,4,0,0,0,0,1,0,0,0,0,0,1,0,0,0,0,0,0,0,0,0,0,0,0,0,0,0,0,0,0,1,0,5,0,0,3,0,2,0,0,0,0,0,0,0,0,0,0,0,0,1,0,0,0,0,0,0,0,0,0,0
61,0,0,0,3,0,0,0,0,0,0,1,0,1,0,1,0,0,0,5,0,0,1,0,0,0,0,0,0,0,0,1,0,0,0,0,2,0,0,0,0,1,1,0,0,0,0,0,0,0,0,0,0,1,0,0,16,0,0,0,9,0,0,0,0,0,0,3,1,0,0,6,1,18,1,0,0,0,0,0,0,0,0,0,0,1,2,0,0,0,0,0,0,0,1,0,0
62,0,0,0,0,0,0,0,0,0,0,0,0,0,0,0,0,0,0,2,0,0,0,0,1,0,0,0,0,0,0,0,0,1,0,0,1,0,0,0,0,0,0,0,0,0,0,1,0,0,0,0,0,1,0,0,0,0,0,0,0,0,0,0,0,0,2,0,1,0,0,2,0,0,0,0,0,0,0,1,0,0,1,0,0,0,0,0,1,1,0,0,0,0,0,0,0
63,0,0,0,0,2,0,0,0,0,0,1,0,0,0,0,0,0,0,0,0,0,0,0,0,0,0,1,0,0,0,0,0,0,0,0,1,0,0,1,0,0,0,0,0,0,0,0,1,0,0,0,0,0,0,0,0,0,2,0,0,0,0,0,0,0,0,0,0,0,0,1,0,1,0,0,0,0,2,0,0,0,0,0,0,0,0,0,0,0,0,0,0,0,0,0,0
64,0,1,1,0,3,0,0,0,2,1,0,0,1,2,1,0,4,0,0,0,0,0,0,2,0,0,0,0,0,0,2,1,0,0,0,0,4,0,0,0,3,3,2,1,0,0,0,3,0,1,1,2,1,0,1,0,0,0,1,0,0,0,0,4,1,0,3,0,0,0,2,0,0,0,0,0,0,0,0,0,0,0,0,0,0,0,0,7,0,0,3,0,0,1,0,0
65,0,1,5,3,0,0,1,2,1,0,1,0,0,3,5,0,3,0,1,0,0,3,0,0,0,3,0,0,0,3,3,0,0,0,0,2,0,0,0,0,11,5,5,0,5,0,2,0,0,0,4,0,0,0,0,6,0,0,0,11,0,0,0,0,1,0,1,14,0,0,3,0,7,0,0,0,2,0,4,0,1,0,3,0,0,0,0,14,3,0,0,0,0,1,0,0
66,1,1,0,2,0,0,0,0,0,3,0,0,2,0,2,0,2,0,5,0,1,0,0,1,1,1,0,0,1,0,3,2,0,0,0,3,0,0,0,0,4,1,1,0,0,1,0,0,0,0,0,2,5,0,0,0,0,1,1,0,0,0,0,0,0,0,8,0,0,0,2,0,9,2,0,0,0,0,1,0,0,0,0,0,1,1,0,4,3,0,0,0,0,2,0,0
67,0,0,2,0,0,0,0,0,0,3,1,0,0,0,3,0,1,0,2,0,0,0,0,0,0,0,0,0,0,0,2,0,0,0,0,1,0,0,0,0,0,2,0,0,0,0,0,0,0,0,0,0,8,0,0,0,0,0,0,1,0,0,0,0,0,0,4,2,0,0,6,0,11,2,0,0,1,0,1,0,0,0,0,0,5,2,0,8,0,0,0,0,1,1,0,0
68,0,0,0,2,0,0,0,0,0,0,1,0,0,0,0,0,0,0,9,0,0,0,0,3,11,0,0,0,0,0,0,0,0,0,0,0,1,0,0,0,0,0,0,0,0,0,0,0,0,0,0,0,2,0,0,2,0,0,0,2,0,0,0,0,0,0,0,0,0,0,4,0,0,0,0,0,0,0,0,0,0,0,0,0,2,0,0,1,0,0,0,0,0,1,0,0
69,0,0,0,1,0,0,0,0,0,0,1,0,0,0,1,0,0,0,2,0,0,0,0,0,2,0,0,0,1,0,0,0,2,0,0,0,1,0,0,0,0,0,0,0,0,0,2,0,0,0,0,0,1,0,0,0,0,0,0,4,0,0,0,0,0,0,1,0,0,0,10,0,3,0,0,0,0,0,1,0,0,0,0,0,0,0,0,0,0,0,0,0,0,0,0,0
70,0,0,0,0,0,0,0,0,0,2,1,0,1,0,0,0,0,0,6,0,0,0,0,0,2,0,0,0,0,0,2,0,0,0,0,1,0,0,0,0,0,1,0,0,0,0,1,0,0,0,0,0,3,0,0,1,0,0,0,1,0,0,0,0,0,0,2,0,0,0,7,0,6,0,0,0,0,0,1,0,0,0,0,0,4,2,0,6,0,0,0,0,0,0,0,0
71,0,1,0,0,0,1,0,0,0,0,1,0,0,0,0,0,2,0,0,0,0,0,0,0,0,0,0,0,0,0,2,0,0,0,0,3,0,0,0,0,0,2,0,0,0,0,0,5,0,0,0,0,0,0,0,0,0,0,0,0,0,1,0,0,0,0,0,0,0,0,0,0,1,0,0,0,0,1,0,0,0,0,0,0,0,1,0,0,0,0,0,0,0,0,0,0
72,0,1,1,0,0,0,0,0,2,0,1,0,0,0,2,0,0,0,0,0,0,0,0,0,0,2,0,0,0,0,0,0,0,0,0,0,1,0,0,0,0,1,0,0,0,0,0,0,0,0,2,0,1,0,0,0,0,0,0,0,0,0,0,0,0,0,4,0,0,0,2,0,6,1,0,1,0,0,0,1,0,0,1,0,0,1,0,1,0,0,0,0,0,0,0,0
73,0,0,0,2,0,0,0,0,0,1,0,0,0,0,3,0,0,0,7,0,0,0,0,0,2,0,0,0,0,0,0,0,0,0,0,5,0,0,0,0,0,0,0,0,0,0,2,0,0,0,0,0,1,0,0,0,0,0,0,2,0,0,0,0,0,0,1,0,0,0,3,0,4,0,0,0,0,0,3,0,0,0,0,0,0,1,0,1,1,0,0,0,0,0,0,0
74,0,1,0,11,0,0,0,0,0,0,2,0,0,0,1,0,0,0,9,0,0,0,0,1,3,0,0,0,0,0,0,0,0,0,0,6,0,0,0,0,0,0,0,0,0,1,1,0,0,0,0,0,0,0,0,8,1,0,0,3,0,0,0,0,0,0,1,0,0,0,4,0,13,1,0,1,0,0,5,0,0,0,0,0,1,3,0,1,0,0,0,0,0,0,0,0
75,0,0,0,1,0,0,0,0,0,0,0,0,0,0,1,0,0,0,0,0,0,0,0,0,0,0,0,0,0,0,0,0,0,0,0,1,0,0,0,0,0,0,0,0,0,0,0,0,0,0,0,0,0,0,0,0,0,0,0,0,0,0,0,0,0,0,2,0,0,0,0,0,1,0,0,0,0,0,0,0,0,1,0,0,0,0,0,0,0,0,0,0,0,0,0,0
76,0,0,0,0,2,0,0,0,0,0,1,0,0,0,0,0,0,0,1,0,0,0,0,0,2,0,0,0,0,0,1,0,0,0,0,3,0,0,0,0,2,0,0,0,0,0,0,0,0,0,0,0,0,0,0,0,0,0,1,0,0,0,0,0,0,0,0,2,0,0,2,0,2,0,0,1,0,0,0,0,0,0,0,0,0,1,0,1,0,0,0,0,0,0,0,0
77,0,0,0,0,0,0,0,0,0,0,1,0,0,0,1,0,0,0,0,0,0,0,0,1,0,0,0,0,0,0,0,0,0,0,0,1,5,1,0,0,0,0,0,0,0,0,2,0,0,0,0,0,2,0,0,0,0,0,0,7,0,0,0,0,0,0,1,10,0,0,4,0,0,0,0,0,0,0,1,0,0,0,0,0,0,0,0,0,0,0,0,0,0,0,0,0
78,1,0,0,1,0,0,0,0,0,0,1,0,0,4,0,0,4,0,0,0,0,0,0,0,0,0,0,0,0,0,4,0,0,0,0,2,1,0,0,0,0,4,4,0,0,0,3,0,0,0,0,1,0,0,0,0,0,0,1,1,0,0,0,0,0,0,0,1,0,0,4,0,0,2,0,1,0,0,0,0,0,0,2,2,0,0,0,12,1,0,0,0,0,0,0,0
79,0,0,1,6,0,3,0,1,3,1,1,0,0,0,11,0,0,0,5,0,0,4,0,2,2,3,0,0,0,7,2,0,4,0,0,4,1,0,0,0,21,4,0,0,1,0,3,0,0,0,1,1,0,0,0,14,0,0,0,20,1,0,0,0,0,1,8,4,0,0,4,0,1,0,0,0,0,0,13,0,2,0,0,0,1,3,0,8,0,2,0,0,0,1,0,0
80,0,0,1,6,0,3,0,1,3,1,1,0,0,0,11,0,0,0,5,0,0,4,0,2,2,3,0,0,0,7,2,0,4,0,0,4,1,0,0,0,21,4,0,0,1,0,3,0,0,0,1,1,0,0,0,14,0,0,0,20,1,0,0,0,0,1,8,4,0,0,4,0,1,0,0,0,0,0,13,0,2,0,0,0,1,3,0,8,0,2,0,0,0,1,0,0
81,0,7,0,2,0,0,0,0,0,0,0,0,0,0,1,0,0,0,12,0,0,0,0,0,5,0,0,0,0,0,0,0,0,0,0,8,0,0,0,1,4,1,0,0,0,0,5,0,0,0,0,0,0,0,0,52,0,0,0,5,0,0,0,0,0,0,4,7,0,0,11,0,39,0,0,2,0,0,8,0,0,0,0,2,0,0,0,4,0,0,0,0,0,4,4,0
82,0,0,0,1,1,0,0,0,0,0,1,0,0,0,1,7,0,0,2,0,0,0,4,0,0,3,0,0,0,0,0,0,5,0,0,1,3,0,0,0,10,0,0,2,0,0,4,4,0,0,0,0,0,0,0,57,0,0,0,0,0,0,0,0,0,0,1,12,0,4,62,0,18,0,0,0,0,0,3,0,0,0,0,0,0,0,0,16,0,0,0,2,0,3,0,0
83,0,2,4,3,0,3,0,3,0,0,0,0,0,2,0,0,6,0,9,0,0,3,1,0,0,1,0,0,0,1,6,0,1,0,0,1,2,0,0,0,13,7,5,3,1,0,0,0,0,0,5,2,0,0,0,4,0,0,0,1,0,0,0,0,0,1,8,2,0,0,2,0,16,2,0,0,2,0,1,0,4,0,2,0,0,2,0,9,0,1,0,0,0,1,0,0
84,0,0,0,1,0,0,0,0,0,0,1,0,0,0,1,0,0,0,2,0,0,0,0,0,5,0,0,0,0,0,0,0,1,0,0,7,0,0,0,0,0,0,0,0,0,0,2,0,0,0,0,0,0,0,0,1,0,0,0,12,0,0,0,0,0,0,0,0,0,0,4,0,19,0,0,0,0,0,1,0,0,0,0,0,0,0,0,0,0,0,0,0,0,0,0,0
85,0,0,0,1,0,0,0,0,0,0,0,0,0,0,0,0,0,0,0,0,0,0,0,0,0,1,0,0,0,0,0,0,0,0,0,2,0,0,0,0,0,2,1,0,0,0,0,0,0,0,0,0,0,0,0,0,0,0,1,0,0,0,0,0,0,0,0,0,0,0,1,0,1,0,0,0,0,0,0,0,0,0,0,0,0,0,0,5,1,0,0,0,0,0,0,0
86,0,0,0,0,0,0,0,0,0,0,0,0,0,0,1,0,0,0,1,0,0,0,0,1,0,0,0,0,0,0,0,0,3,0,0,1,0,0,0,0,0,0,0,0,0,0,0,0,0,0,0,0,0,0,0,1,0,0,0,3,0,0,0,0,0,1,0,1,0,0,5,0,4,0,0,0,0,0,2,0,0,0,0,0,0,0,0,0,0,0,0,0,0,0,0,0
87,0,0,0,0,0,0,0,0,0,0,1,0,0,0,2,0,0,0,0,0,0,0,0,3,1,0,0,0,0,0,1,0,0,0,0,1,0,0,0,0,0,2,1,0,0,1,1,0,0,0,0,0,0,0,0,0,0,0,0,1,0,0,0,0,0,0,1,0,0,0,0,0,1,0,0,0,0,0,0,0,0,0,0,0,0,0,1,1,0,0,0,0,0,0,0,0
88,0,0,0,0,0,0,0,1,0,0,1,0,0,0,2,0,1,0,8,0,0,3,0,1,0,2,0,0,0,4,1,0,0,0,0,2,0,0,0,0,9,2,0,0,4,1,0,0,0,0,2,7,1,0,0,5,0,0,0,2,0,0,0,0,0,0,3,3,0,2,1,0,6,0,0,0,3,0,0,0,2,0,0,0,0,0,0,10,0,0,0,0,0,1,0,0
89,0,0,0,0,0,0,0,0,0,0,0,0,0,0,1,0,3,0,4,0,0,1,0,2,0,2,0,0,0,0,1,1,0,0,0,3,0,0,0,0,5,5,3,0,0,1,0,1,0,0,2,1,0,0,0,0,0,0,1,1,0,0,0,0,0,0,2,0,0,0,3,0,5,1,0,0,0,2,1,0,0,0,1,0,0,0,0,3,0,0,0,0,0,0,0,0
90,0,0,0,0,0,1,0,0,1,5,0,0,0,1,2,0,0,0,0,0,0,0,0,1,0,5,0,0,0,0,1,1,0,0,0,0,0,0,0,0,0,1,1,0,0,1,0,0,0,0,5,0,11,0,0,0,0,0,0,0,1,0,0,0,0,0,0,4,0,0,1,0,1,0,0,0,0,0,1,1,0,0,2,0,0,2,1,13,0,0,0,0,0,0,0,0
91,0,1,0,1,0,0,0,0,0,0,1,0,0,5,2,0,5,0,0,0,0,0,0,0,0,1,0,0,0,0,6,1,0,0,0,2,0,0,0,0,0,6,7,0,0,0,0,0,0,0,0,2,1,0,0,0,0,0,1,8,2,0,0,0,1,0,0,0,0,0,3,0,0,0,0,0,0,0,0,0,0,0,6,0,0,0,0,8,6,0,0,0,0,0,0,0
92,0,0,0,1,0,0,0,0,2,5,1,0,0,0,1,0,3,0,1,0,0,0,0,1,3,3,0,0,0,0,3,1,0,0,0,2,0,0,0,0,1,2,2,2,0,1,0,0,0,0,3,1,6,0,0,2,0,0,0,1,0,1,0,0,2,1,1,1,0,0,0,0,2,0,0,0,0,0,1,0,0,0,0,0,0,1,0,6,0,0,0,0,0,2,0,0
93,0,0,0,1,0,0,0,2,2,0,1,0,0,0,3,0,0,0,0,0,0,2,0,1,0,0,0,0,1,0,0,1,0,0,0,2,3,0,0,3,0,0,0,0,0,0,1,0,0,0,0,0,0,0,0,0,0,0,0,16,0,5,0,0,0,0,2,0,0,0,14,0,0,1,0,0,1,0,0,0,0,0,0,0,0,1,0,2,0,0,0,0,0,0,0,0
94,0,2,0,9,0,0,0,0,0,0,0,0,1,0,0,1,0,0,0,0,0,0,0,1,2,0,0,0,0,0,0,0,0,0,0,3,1,0,0,0,1,0,0,0,0,0,0,0,0,0,0,0,0,0,0,0,0,0,0,5,0,0,0,0,2,1,4,1,0,0,9,0,2,0,0,0,0,0,2,0,0,1,1,0,0,0,0,2,0,0,0,0,0,0,0,0
95,0,0,0,1,0,0,0,0,0,0,0,0,0,0,1,0,2,0,2,0,0,0,0,0,0,0,0,0,0,0,2,0,0,0,0,1,0,0,0,0,0,2,0,0,0,0,0,0,0,0,0,1,0,0,0,0,4,0,1,2,0,0,0,0,0,0,0,0,0,0,2,0,3,0,0,0,0,0,2,0,0,0,0,0,0,0,0,0,0,0,0,0,2,1,0,0
96,0,0,0,0,0,0,0,0,0,0,1,0,0,0,0,0,0,0,0,0,0,0,0,2,0,0,0,0,0,0,0,0,0,0,0,1,0,0,0,0,0,0,0,0,0,1,0,0,0,0,0,0,0,0,0,0,0,0,0,1,0,2,0,0,0,0,0,0,0,0,2,0,1,0,0,0,0,0,0,0,0,0,0,0,0,0,0,0,0,0,0,0,0,0,0,0
97,0,0,0,0,0,0,0,0,0,0,1,0,0,0,0,0,0,0,0,0,0,0,0,0,0,0,0,0,0,0,0,0,0,0,0,2,0,0,0,0,0,0,0,0,0,0,0,0,0,0,0,0,0,0,0,0,0,0,0,0,0,0,0,0,0,0,1,0,0,0,0,0,0,0,0,0,0,0,0,0,0,0,0,0,0,0,0,0,0,0,0,0,0,0,0,0
98,0,0,0,13,0,0,0,0,0,0,0,0,0,0,12,0,0,0,8,0,0,0,0,0,0,1,0,0,0,0,0,0,2,0,0,1,2,0,0,0,0,0,0,0,0,0,10,0,0,0,0,0,0,0,0,7,1,0,0,17,0,0,0,0,1,1,4,4,0,0,3,0,9,0,0,0,0,0,12,0,0,9,0,0,0,0,0,1,0,0,0,0,0,0,0,0
99,0,0,0,13,0,0,0,0,0,0,0,0,0,0,12,0,0,0,8,0,0,0,0,0,0,1,0,0,0,0,0,0,2,0,0,1,2,0,0,0,0,0,0,0,0,0,10,0,0,0,0,0,0,0,0,7,1,0,0,17,0,0,0,0,1,1,4,4,0,0,3,0,9,0,0,0,0,0,12,0,0,9,0,0,0,0,0,1,0,0,0,0,0,0,0,0
100,0,0,0,1,0,0,0,0,0,0,0,0,0,0,0,0,0,0,2,0,0,0,0,0,0,0,0,0,0,0,0,0,0,0,0,1,0,0,0,0,0,0,0,0,0,0,0,0,0,0,0,0,0,0,0,2,0,0,0,1,0,0,0,0,0,0,2,0,0,0,0,0,3,0,0,0,0,0,1,0,0,1,0,0,0,0,0,0,0,0,0,0,0,0,0,0
101,0,2,1,0,0,0,0,2,2,3,1,0,1,0,3,0,4,0,1,0,0,0,0,0,0,1,0,0,0,0,4,0,0,0,0,0,0,0,1,0,0,6,1,1,0,1,1,1,0,0,1,6,0,0,0,0,0,0,5,2,0,1,0,0,0,0,0,3,0,0,2,0,0,0,0,0,0,0,0,0,0,0,0,0,0,0,0,16,2,0,0,0,1,0,0,0
102,0,0,4,9,0,0,0,1,11,69,0,0,0,3,0,1,6,0,16,0,0,0,0,3,5,15,0,0,0,0,5,2,0,0,0,9,2,0,0,0,1,5,12,0,0,0,2,0,0,0,6,0,105,0,0,0,0,0,0,33,0,0,0,0,0,0,42,6,0,0,12,0,44,6,0,0,0,0,12,0,0,0,11,0,2,6,13,58,29,0,0,0,0,0,0,0
103,0,2,0,0,0,0,0,0,0,0,1,0,0,0,0,0,1,0,1,0,0,0,0,0,0,0,0,0,0,0,1,0,0,0,0,1,0,0,0,0,0,1,0,0,0,0,0,0,0,0,0,0,0,0,0,0,0,0,0,1,0,1,0,0,2,0,3,0,0,0,4,0,4,2,0,0,0,0,2,0,0,0,0,0,0,1,0,0,0,0,0,0,0,1,0,0
104,0,2,0,0,0,0,0,0,0,5,1,0,0,0,2,4,0,0,11,0,0,0,0,0,1,4,0,0,0,0,1,2,1,0,0,4,0,0,0,1,0,1,0,2,0,1,0,1,0,0,1,0,26,0,0,7,0,0,0,3,0,0,0,0,0,0,15,7,0,0,12,0,16,3,0,0,0,0,0,1,0,0,0,0,11,9,1,9,0,0,2,0,0,3,0,0
105,0,0,0,0,0,0,0,0,0,0,1,0,0,0,0,0,1,0,1,0,0,0,0,0,0,0,1,0,0,0,1,1,0,0,0,4,0,0,0,0,0,1,0,0,0,1,0,0,0,0,0,0,1,0,0,0,0,0,0,0,0,0,0,0,0,0,0,0,0,0,4,0,1,0,0,0,0,0,0,0,0,0,0,0,0,0,0,4,0,0,0,0,0,0,0,0
106,0,0,1,0,0,0,0,0,1,9,1,0,0,0,2,0,0,0,5,0,0,0,0,1,2,0,0,0,0,0,1,0,0,0,0,6,2,0,0,0,0,2,0,0,0,0,0,0,0,0,0,4,28,0,0,4,0,0,3,0,0,0,0,0,0,0,5,3,0,0,8,0,7,5,0,0,0,0,0,0,0,0,1,0,26,6,0,9,0,0,0,0,0,2,0,0
107,0,0,0,0,0,0,0,0,0,0,1,0,0,0,0,0,1,0,0,0,0,1,0,0,1,0,1,0,0,0,1,0,0,0,0,1,0,0,0,0,3,1,0,0,0,0,0,0,0,0,0,1,2,0,0,0,1,0,0,1,0,3,0,0,0,0,0,0,0,0,5,0,1,0,0,0,0,1,1,0,0,0,0,0,0,0,0,0,0,0,0,0,0,0,0,0
108,0,0,0,1,0,0,0,0,0,0,1,0,0,0,1,0,0,0,1,0,0,0,0,0,0,1,0,0,0,0,0,0,0,0,0,1,0,0,0,0,2,0,0,0,0,1,0,0,0,0,0,0,0,0,0,0,0,0,0,1,0,0,0,0,0,0,5,1,0,0,5,0,7,2,0,2,0,0,0,0,0,0,1,0,0,4,0,0,0,0,0,0,0,2,0,0
109,0,1,2,0,4,0,0,0,0,0,1,0,0,0,0,0,2,0,0,0,1,1,0,0,0,1,1,0,0,0,2,0,0,0,0,1,0,0,0,0,2,2,2,0,0,0,1,2,0,0,0,1,0,0,0,1,0,0,0,0,0,2,0,0,0,0,0,0,0,0,2,0,1,4,0,0,0,0,0,0,0,0,0,0,0,2,0,4,0,0,0,0,0,0,0,0
110,0,3,1,1,0,0,0,0,0,0,1,0,0,0,1,0,4,0,5,0,0,0,0,2,0,2,0,0,0,4,3,0,0,0,0,3,0,0,0,0,8,4,2,1,0,0,0,1,0,0,0,0,0,0,0,3,0,0,0,1,0,0,0,0,1,1,0,1,0,0,5,0,6,0,0,0,0,0,0,0,0,0,1,0,0,0,0,3,0,0,0,0,0,2,0,0
111,0,0,0,0,1,0,0,0,0,0,1,0,0,0,0,0,0,0,0,0,0,0,0,5,0,0,0,0,0,0,0,1,0,0,0,0,0,0,1,0,0,0,0,0,0,0,0,2,0,0,0,0,0,0,0,0,0,0,0,0,0,0,0,0,0,0,0,0,0,0,4,0,0,0,0,0,0,0,0,0,0,0,0,0,0,0,0,0,0,0,0,0,0,0,0,0
112,1,0,0,1,1,0,0,0,0,0,0,1,0,0,1,0,3,0,0,0,1,1,0,1,1,0,1,0,0,0,5,0,0,0,0,1,0,0,2,0,2,3,1,0,0,1,0,0,0,0,0,1,2,1,0,0,0,0,2,2,0,2,0,4,0,0,3,0,0,0,12,0,5,1,0,0,0,0,1,2,0,0,0,0,0,1,0,3,5,0,0,0,0,0,0,0
113,0,0,0,2,0,0,0,0,0,0,1,0,0,0,1,0,2,0,0,0,0,0,0,2,0,2,0,0,0,0,2,0,7,0,0,1,2,0,0,0,0,2,0,0,0,0,1,0,0,0,1,0,0,0,0,0,0,0,0,1,0,0,0,0,0,1,0,1,0,0,8,0,0,6,0,0,4,0,2,0,0,0,0,0,0,0,0,2,0,0,0,0,0,0,0,0
114,0,1,2,0,2,3,0,5,0,3,1,0,0,0,0,1,6,0,0,0,0,3,0,4,0,3,2,0,0,0,4,0,3,0,0,1,0,0,0,0,8,4,3,3,3,2,0,0,0,0,0,0,0,0,1,1,0,0,0,1,0,0,0,0,0,0,1,2,0,0,9,0,3,0,0,0,0,0,1,0,1,0,1,0,0,0,0,5,0,0,0,0,0,4,0,0
115,0,0,1,0,0,0,0,0,0,0,1,0,0,0,2,0,2,0,2,0,1,1,0,0,0,1,1,0,0,0,2,0,0,0,0,1,0,0,0,0,3,1,1,1,0,1,0,1,0,0,0,2,0,0,0,0,0,0,2,1,0,0,0,0,0,0,0,1,0,0,3,0,0,0,0,0,0,0,1,0,0,0,0,0,0,0,0,3,3,0,0,0,0,0,0,0
116,0,0,1,0,0,0,0,0,0,0,0,0,0,0,0,0,0,0,4,0,0,0,0,4,0,1,0,0,0,0,1,0,0,0,0,6,0,0,0,0,1,1,2,0,0,0,0,0,0,0,0,0,0,0,0,0,0,0,0,2,0,1,0,0,0,0,0,0,0,0,4,0,1,0,0,0,0,0,1,0,0,0,0,0,0,0,0,1,0,0,0,0,0,4,0,0
117,0,1,0,0,0,0,0,0,0,0,0,0,1,0,0,0,0,0,0,0,0,0,0,0,0,0,0,0,0,0,0,0,0,0,0,1,1,0,0,0,1,1,0,0,0,0,0,1,0,0,1,0,1,1,0,0,0,0,0,0,0,2,0,1,0,1,1,0,0,0,13,0,2,1,0,1,0,0,2,0,0,0,0,0,0,1,0,2,0,0,1,0,0,0,0,0
118,0,0,0,2,0,0,0,0,0,0,0,0,0,0,0,0,0,0,2,0,0,0,0,0,0,0,0,0,0,0,1,0,0,0,0,1,1,0,0,0,0,0,0,0,0,0,0,0,0,0,0,0,3,0,0,0,0,0,0,1,0,0,0,0,1,0,0,0,0,0,5,0,3,0,0,0,0,0,1,0,0,0,0,0,0,0,0,1,0,0,1,0,0,0,0,0
119,0,3,0,1,0,0,0,0,2,1,0,0,0,0,0,4,0,0,1,0,0,0,0,1,0,0,1,0,0,0,1,0,0,0,0,1,0,0,0,0,0,1,0,0,0,0,0,1,0,1,0,2,0,0,0,0,0,0,1,2,0,0,0,4,1,0,0,1,0,1,9,0,1,0,0,1,0,0,2,0,0,0,0,1,0,0,0,8,0,0,0,0,0,0,0,0
120,0,0,0,1,0,0,0,0,0,0,0,0,0,2,0,0,1,0,3,0,0,0,0,2,0,0,0,0,0,0,1,0,0,0,0,1,0,0,0,0,2,1,0,0,0,0,0,0,0,0,0,0,0,0,0,0,0,0,0,0,0,1,0,0,0,0,0,2,0,0,4,0,0,0,0,0,0,0,0,0,0,0,0,0,0,0,0,3,0,0,0,0,0,0,0,0
121,0,1,0,0,0,3,0,0,2,5,1,0,0,0,0,0,0,0,0,0,0,0,0,0,0,1,1,0,0,0,0,2,0,0,0,0,0,0,0,0,0,2,1,0,0,0,0,0,0,0,2,0,5,0,0,0,0,0,0,0,0,0,0,0,0,0,1,2,0,0,3,0,2,2,0,0,0,0,0,0,0,0,0,0,0,2,0,4,0,0,0,0,0,0,0,0
122,0,0,0,0,0,0,0,0,0,2,1,0,0,0,3,0,0,0,12,0,0,0,0,0,2,1,0,0,0,0,1,0,1,0,0,5,0,0,0,0,0,1,0,0,0,0,0,0,0,0,0,0,6,0,0,4,0,0,0,2,0,0,0,0,0,0,7,3,0,0,11,0,7,3,0,0,0,0,0,0,0,0,0,2,2,5,0,7,0,0,0,0,0,2,0,0
123,0,0,0,0,4,0,0,0,2,0,1,0,0,0,1,0,0,0,2,0,0,0,0,0,0,0,0,0,0,0,0,0,0,0,0,0,0,0,0,0,0,0,0,0,0,0,0,1,0,0,0,0,0,0,0,0,0,0,0,0,0,0,0,0,0,0,3,0,0,0,6,0,4,0,0,0,0,0,0,0,0,0,1,0,0,0,0,0,0,0,0,0,0,0,0,0
124,0,0,0,0,0,0,0,0,0,0,0,0,1,0,0,0,2,0,0,0,0,0,0,0,0,0,3,0,0,0,2,3,0,0,0,1,0,0,0,0,0,5,2,0,0,1,1,0,0,3,0,0,0,0,0,0,0,0,0,0,0,0,0,3,0,0,0,0,0,0,3,0,0,0,0,0,0,0,1,0,0,0,0,0,0,0,0,2,2,0,0,0,0,0,0,0
125,0,0,0,0,4,0,0,0,0,0,1,0,0,0,1,0,0,0,0,0,0,0,0,0,0,0,0,0,0,0,1,0,0,0,0,1,0,0,0,0,1,0,0,0,0,0,0,3,0,0,0,0,0,0,0,0,0,0,0,0,0,0,0,0,0,0,0,0,0,0,1,0,1,2,0,0,0,0,1,0,0,0,0,0,0,1,0,2,0,0,0,0,0,0,0,0
126,0,0,0,0,1,0,0,0,0,0,1,0,0,0,0,0,0,0,0,0,0,0,0,0,0,0,0,0,1,0,2,2,0,0,0,1,0,0,1,0,5,3,0,0,0,0,0,0,0,0,0,1,0,0,0,0,0,0,1,1,0,0,0,0,0,0,0,0,0,0,11,0,0,0,0,0,0,0,0,0,0,0,0,0,0,4,0,3,0,0,0,0,0,0,0,0
127,0,4,2,2,2,0,1,4,2,1,1,0,0,0,0,0,0,0,1,0,0,1,0,0,0,1,0,0,1,1,4,1,8,0,0,2,0,0,0,0,25,4,2,3,2,1,0,2,0,0,4,0,1,1,0,4,2,0,0,6,0,0,0,0,2,0,13,5,0,1,9,0,5,0,0,0,2,0,7,0,3,1,0,0,1,1,0,13,0,7,0,0,1,5,0,0
128,0,0,0,0,0,0,1,0,0,0,1,0,0,0,0,0,0,0,0,0,0,0,0,0,0,0,0,0,0,0,0,0,0,0,0,3,0,0,0,0,2,2,0,0,0,0,0,0,0,0,0,0,0,0,0,0,0,0,0,0,0,0,0,0,0,0,1,0,0,0,4,0,3,0,0,0,0,0,0,0,1,0,0,0,0,0,0,0,0,0,0,0,0,0,0,0
129,0,0,0,0,0,0,0,0,0,0,0,0,0,0,0,0,0,0,0,0,0,0,0,1,0,0,0,0,0,0,0,0,0,0,0,0,0,0,0,0,1,0,0,0,0,0,0,0,0,0,0,0,0,0,0,0,0,0,0,0,0,0,0,0,0,0,0,0,0,0,2,0,1,0,0,0,0,0,0,0,0,0,0,0,1,0,0,0,0,0,0,0,0,0,0,0
130,0,3,5,3,0,6,2,1,1,0,1,0,0,2,1,0,1,0,5,0,0,1,0,0,0,3,0,0,1,4,2,0,0,0,0,1,1,0,0,0,13,4,5,4,4,0,0,0,0,0,5,3,0,1,0,1,0,0,1,1,0,0,0,0,3,2,1,3,0,0,4,0,0,0,1,1,2,0,1,0,1,0,1,0,0,0,0,5,0,1,0,0,0,3,0,0
131,0,0,0,0,0,0,0,0,0,1,1,0,0,0,0,1,0,0,0,0,0,0,0,0,0,1,1,0,0,0,0,0,0,0,0,1,0,0,0,0,0,0,0,0,0,1,0,0,0,0,0,0,1,0,0,0,0,0,0,0,0,0,0,0,0,0,0,0,0,0,2,0,0,1,0,0,0,0,0,0,0,0,0,0,0,1,0,1,0,0,0,0,0,0,0,0
132,0,0,0,0,0,0,0,0,0,0,0,0,0,0,0,0,0,0,1,0,0,0,0,0,0,0,0,0,0,0,0,0,0,0,0,5,0,0,0,0,0,0,0,0,0,0,2,0,0,0,0,0,0,0,0,1,0,0,0,0,0,0,0,0,0,0,0,0,0,0,4,0,1,0,0,0,0,0,0,0,0,0,0,0,0,0,0,1,0,0,0,0,0,0,0,0
133,0,0,0,1,0,0,0,0,0,0,1,0,0,0,1,0,0,0,0,0,0,1,0,5,0,0,0,0,0,0,1,0,0,0,0,3,0,0,0,0,4,0,0,0,0,0,0,0,0,0,0,0,0,1,0,0,0,0,2,0,0,0,0,0,0,0,1,1,0,0,4,0,2,1,0,0,1,0,3,0,0,0,0,0,0,1,0,1,0,0,0,0,0,0,0,0
134,0,0,0,0,0,0,0,0,0,0,1,0,0,0,0,0,0,0,0,0,0,0,0,0,0,0,0,0,0,0,0,0,1,0,0,0,0,0,0,2,2,0,0,0,0,0,0,0,0,0,0,0,0,0,0,0,0,0,0,0,0,0,0,0,0,0,0,0,0,0,1,0,0,0,0,0,0,0,1,0,0,0,0,0,0,0,0,0,0,0,0,0,0,0,0,0
135,0,1,0,0,0,0,0,1,4,6,1,0,1,0,1,0,0,0,1,0,0,0,0,1,0,2,0,0,0,0,2,0,0,0,0,1,0,0,0,0,0,2,0,1,0,0,1,0,0,0,1,1,17,0,0,2,0,0,0,0,0,0,0,0,0,0,2,2,0,1,5,0,1,1,0,0,0,0,3,4,1,0,5,0,3,1,1,5,1,0,1,1,0,5,0,0
136,0,2,2,2,0,1,0,0,1,3,0,0,0,0,0,0,1,0,1,0,0,1,0,1,0,1,2,0,0,0,2,0,0,0,0,5,2,0,0,0,1,2,2,0,0,1,0,0,0,0,3,0,13,0,0,0,0,0,0,2,0,0,0,0,1,0,2,7,0,1,5,0,4,2,0,0,0,0,1,0,0,0,2,0,3,2,2,10,0,0,0,0,0,0,1,0
137,0,0,0,0,1,0,0,0,0,0,1,0,0,1,0,0,2,0,0,0,0,1,0,1,0,0,0,0,0,0,1,5,0,1,0,1,0,0,0,0,2,1,2,1,0,0,2,0,0,0,1,1,1,1,0,1,0,1,1,1,0,0,0,0,0,0,1,0,0,0,7,0,1,3,0,0,0,0,2,0,0,0,0,0,0,1,0,2,0,0,0,0,0,1,0,0
138,0,0,1,0,0,0,0,0,0,5,0,0,0,0,0,0,2,0,0,0,0,0,0,0,0,2,0,0,2,0,2,0,0,0,0,2,0,0,0,0,0,2,2,0,0,0,2,0,0,0,3,2,11,0,0,0,0,0,1,0,0,0,0,0,0,0,2,2,0,1,2,0,3,1,0,0,0,0,1,0,0,0,0,0,5,1,1,8,0,0,2,0,0,1,0,0
139,0,0,0,0,0,1,0,0,0,0,0,0,0,18,0,0,15,0,0,0,0,0,0,0,0,4,0,0,2,0,17,3,0,0,0,2,4,0,0,0,0,1,5,0,0,0,0,0,0,0,0,0,0,0,0,0,0,1,0,7,3,0,0,0,0,0,1,0,0,0,3,0,0,0,0,0,0,0,0,0,0,0,15,0,0,0,0,2,0,0,0,0,0,0,0,0
140,0,0,0,0,0,0,0,0,0,0,1,0,1,0,0,0,1,0,0,0,0,0,0,0,0,1,0,0,0,0,1,1,0,0,0,1,0,0,0,0,0,1,0,0,0,0,0,0,0,1,0,0,0,0,0,0,0,0,1,0,0,1,0,2,0,0,1,0,0,0,4,0,1,1,0,0,0,0,0,0,0,0,0,0,0,0,0,3,0,0,0,0,0,0,0,0
141,0,3,3,2,0,0,3,2,0,0,1,1,0,0,0,2,5,0,5,1,0,2,1,1,0,4,0,0,0,7,5,0,0,0,0,3,1,0,0,0,6,2,2,2,6,0,0,0,0,0,5,1,1,1,0,1,0,0,1,2,0,1,0,0,2,1,2,8,0,4,6,0,2,0,0,0,4,0,1,0,2,0,2,0,0,0,0,10,1,1,0,0,1,0,0,0
142,0,3,1,1,0,3,0,3,3,0,0,1,1,0,0,1,0,0,6,0,0,0,0,2,0,1,0,0,0,1,1,0,0,0,0,2,0,0,0,0,5,2,1,0,0,0,0,0,0,0,1,1,1,0,0,0,0,0,0,11,0,0,0,0,1,2,5,1,0,0,7,0,1,0,0,0,0,0,1,0,3,0,5,0,0,0,0,0,0,0,0,0,0,1,0,0
143,0,0,1,0,0,0,0,0,1,1,0,0,0,1,0,0,1,0,0,0,0,0,0,2,0,2,0,0,0,0,1,0,0,0,0,2,0,0,0,0,0,1,1,1,0,0,0,0,0,0,1,0,6,0,0,0,0,0,0,0,0,0,0,0,0,0,4,1,0,0,7,0,3,1,0,0,0,0,0,0,0,0,0,0,0,2,1,3,0,0,0,0,0,1,0,0
144,0,0,0,0,0,0,0,0,0,0,1,0,0,0,1,1,3,0,3,0,1,1,0,0,2,0,0,0,0,1,3,0,1,0,0,3,0,0,0,0,3,2,0,0,0,0,0,0,0,0,0,2,3,0,0,0,0,0,0,3,0,2,0,0,0,1,2,3,0,0,3,0,8,3,0,1,0,0,1,0,0,0,0,0,3,1,0,4,0,0,0,0,0,0,0,0
145,0,1,2,2,0,0,0,1,8,0,1,0,0,0,2,0,6,0,6,0,0,5,0,1,1,0,2,0,2,0,7,0,0,0,0,3,0,0,0,0,9,3,4,6,0,0,0,0,0,0,0,10,0,0,0,0,0,0,10,9,0,0,0,0,1,0,3,2,0,0,10,0,10,0,2,1,3,0,2,0,2,0,0,0,0,0,0,4,2,0,0,0,0,5,0,0
146,1,1,0,0,0,0,0,0,2,0,1,0,0,0,0,0,0,0,0,0,0,1,0,3,0,0,0,0,0,0,0,0,0,0,0,1,7,0,0,2,0,0,0,0,0,1,0,0,0,0,0,1,1,0,0,0,0,1,0,2,0,0,0,0,1,0,1,0,0,0,21,0,0,1,0,0,2,0,0,0,0,0,0,0,1,5,0,0,0,0,0,0,0,0,0,0
147,0,0,0,0,0,0,0,0,0,0,1,0,0,0,0,0,0,0,0,0,0,0,0,0,3,0,1,0,0,0,1,1,0,0,0,1,0,0,0,0,0,1,0,0,0,0,0,0,0,0,0,0,3,0,0,0,0,0,0,0,0,1,0,0,0,0,1,0,0,0,5,0,6,0,0,0,0,0,0,0,0,0,0,0,2,0,0,0,0,0,0,0,0,0,0,0
148,0,0,0,0,0,0,0,0,1,3,0,0,0,0,0,0,1,0,0,0,0,1,0,0,0,0,2,0,0,0,1,1,0,0,0,1,0,0,0,0,1,1,0,1,0,0,0,0,0,0,0,0,3,0,0,0,0,0,0,1,0,1,0,2,0,0,0,2,0,0,3,0,1,1,0,0,0,0,0,0,0,0,0,0,0,1,0,0,0,0,0,0,0,1,0,0
149,0,0,0,0,0,0,0,0,1,2,1,0,0,0,1,3,0,0,1,0,0,0,0,0,0,2,0,0,0,0,0,0,0,0,0,0,0,0,0,0,0,0,0,0,0,1,0,0,0,0,0,1,2,0,0,0,0,0,0,0,0,0,0,0,0,0,4,1,0,0,3,0,0,0,0,0,1,0,0,0,0,0,0,0,0,0,0,1,0,0,0,0,0,0,0,0
150,1,0,0,0,0,0,0,0,0,0,1,0,0,0,3,0,0,0,4,0,0,0,0,7,0,0,0,3,0,0,0,1,0,1,1,3,1,0,0,1,2,1,0,0,0,1,0,0,0,0,0,0,1,0,0,0,0,2,0,0,0,1,0,0,0,0,0,0,0,0,8,0,1,0,0,0,0,0,0,0,0,0,3,0,0,0,0,1,0,0,0,0,0,1,0,0
151,0,1,0,1,0,0,0,0,0,0,1,0,0,0,0,0,0,0,2,0,0,0,0,1,0,1,0,0,0,0,0,0,0,0,0,3,0,0,0,0,0,0,0,0,0,0,0,0,0,0,0,0,1,0,0,0,0,0,0,0,2,0,0,0,1,0,4,0,0,0,7,0,5,2,0,0,0,0,1,0,0,0,0,0,0,2,1,0,0,0,1,0,0,0,0,0
152,0,1,0,13,0,0,0,0,0,0,1,0,0,0,0,8,0,0,2,0,0,0,0,0,1,1,0,0,0,0,0,1,0,0,0,2,0,0,0,2,3,1,0,0,0,0,0,0,0,0,1,1,0,0,0,0,0,0,1,1,0,4,0,3,1,0,1,1,0,0,10,0,4,0,0,1,0,0,0,0,0,0,0,0,0,0,0,2,0,0,0,0,0,0,0,0
153,0,2,0,1,0,0,0,3,0,0,1,0,1,0,0,0,0,0,5,0,0,1,0,1,1,0,0,0,0,1,0,0,0,0,0,1,0,0,0,0,9,0,0,0,1,1,0,0,0,1,1,4,0,0,0,4,0,0,1,4,0,1,0,0,1,0,2,4,0,0,12,0,7,2,0,0,1,0,2,0,3,0,0,0,0,1,0,3,0,0,0,0,1,3,1,0
154,0,0,0,0,0,0,0,0,0,1,1,0,0,0,1,0,0,0,1,0,0,0,0,0,0,0,0,0,0,0,0,0,0,0,0,0,1,0,0,0,0,0,0,0,0,0,0,0,0,0,0,0,2,0,0,0,0,0,0,5,0,0,0,0,0,0,0,0,0,0,3,0,0,1,0,0,0,0,0,0,0,0,2,0,0,1,0,0,0,0,0,0,0,1,0,0
155,0,1,1,1,9,1,0,0,4,0,0,0,0,0,0,1,1,0,0,0,0,5,0,2,0,0,0,0,0,1,1,1,0,0,0,3,0,0,0,0,3,3,1,3,0,1,0,3,0,0,2,1,2,0,0,1,0,0,3,0,1,0,0,0,1,1,0,4,0,1,4,0,0,3,0,0,0,0,2,0,1,0,1,1,0,0,0,6,0,0,0,0,0,2,0,0
156,0,2,4,5,0,1,0,1,3,0,1,0,0,5,3,0,2,0,2,0,0,4,1,1,0,0,1,0,1,3,2,2,1,0,0,1,0,0,0,0,8,3,1,1,2,2,0,0,0,1,3,4,0,1,1,2,0,0,1,11,0,1,0,0,2,2,1,1,0,1,8,0,1,0,0,0,0,0,0,0,1,0,0,0,0,1,0,12,1,0,0,0,0,1,0,0
157,0,0,0,1,0,0,0,0,0,0,1,0,0,0,2,0,1,0,2,0,0,2,0,2,0,0,0,0,0,0,5,0,0,0,0,1,0,0,0,0,4,0,0,0,0,1,0,0,0,0,0,5,0,0,0,1,4,0,3,1,0,0,0,0,0,0,1,0,0,0,7,0,6,0,0,0,0,0,1,0,0,0,0,0,0,0,0,2,3,0,0,0,0,2,0,0
158,0,0,0,0,0,0,0,0,0,0,1,0,0,0,0,0,0,0,0,0,0,0,0,3,0,0,0,0,0,0,1,0,0,0,0,1,0,0,0,0,1,0,0,0,0,0,0,0,0,0,0,0,1,0,0,0,0,0,0,0,0,1,0,2,0,0,2,0,0,0,16,0,5,0,0,0,0,0,2,0,0,0,0,0,2,2,0,0,0,0,0,0,0,1,0,0
159,0,1,0,1,1,0,0,0,2,1,0,0,0,0,6,0,1,0,1,0,0,0,0,0,0,0,0,0,0,0,5,1,0,0,0,1,1,0,0,0,0,6,1,4,0,1,0,2,0,0,2,2,1,0,0,0,0,0,4,4,0,0,0,0,0,0,8,0,0,0,11,0,6,1,0,0,0,0,1,0,0,0,0,1,0,1,0,6,0,0,0,0,0,1,0,0
160,0,0,0,3,0,0,0,0,0,0,1,0,0,0,2,0,0,0,1,0,0,0,0,0,0,0,0,0,0,0,1,0,3,0,0,4,0,0,0,0,1,0,0,0,0,0,3,0,0,0,0,0,0,0,0,1,0,0,1,6,0,0,0,0,0,0,2,1,0,0,4,0,1,0,0,0,0,0,0,0,0,0,0,0,0,0,0,0,0,1,0,0,0,0,0,0
161,0,0,0,1,0,0,0,0,0,1,0,0,0,0,0,0,1,0,1,0,0,0,0,0,0,0,0,0,0,0,1,0,0,0,0,1,0,0,0,0,0,0,1,0,0,0,1,0,0,0,0,0,1,0,0,0,0,0,0,0,0,0,0,0,1,0,0,2,0,0,1,0,0,1,0,0,0,0,4,0,0,0,0,0,0,1,0,1,0,0,0,0,0,1,0,0
162,0,0,0,0,0,0,0,0,0,0,1,0,0,0,0,0,0,0,0,0,0,0,0,2,0,0,0,0,0,0,0,0,0,0,0,1,0,0,0,0,1,0,0,0,0,0,0,0,0,0,0,0,0,0,0,0,0,0,0,1,0,1,0,0,0,0,0,0,0,0,5,0,0,0,0,1,0,0,1,0,0,0,0,0,0,0,0,0,0,0,0,0,0,0,0,0
163,0,0,0,0,0,3,0,2,0,1,0,0,1,1,0,0,1,0,1,0,0,1,0,1,0,2,0,0,0,1,1,0,0,0,0,1,0,0,0,0,3,1,0,0,0,0,0,1,0,0,0,0,1,0,0,0,0,0,0,0,0,1,2,4,0,0,2,0,0,0,7,0,1,0,0,0,1,0,1,0,1,0,0,0,0,5,0,2,2,0,1,0,0,0,0,0
164,0,0,0,1,0,0,0,0,0,0,1,0,0,0,0,0,0,0,1,0,0,0,0,9,0,0,0,0,0,0,0,0,0,0,0,4,1,0,0,0,0,0,0,0,0,0,3,0,0,0,0,0,1,0,0,0,0,0,0,1,0,0,0,0,0,0,3,2,0,0,13,0,3,0,0,0,0,0,4,0,0,0,0,0,0,1,0,1,0,0,0,0,0,1,0,0
165,0,0,0,2,0,0,0,0,0,0,1,0,0,0,0,0,0,0,1,0,0,1,0,0,2,0,0,0,0,0,0,1,0,0,0,1,1,0,0,5,4,0,0,0,0,0,0,0,0,0,0,0,0,0,0,1,3,0,0,1,0,0,0,0,0,0,1,0,0,1,17,4,2,3,0,0,1,0,1,0,0,0,0,0,0,5,0,2,0,0,0,0,0,1,0,0
166,4,0,0,2,0,0,0,1,0,1,1,0,0,0,1,2,0,0,5,0,2,2,0,1,2,0,0,0,0,0,2,0,1,0,0,1,0,0,0,0,0,2,2,2,0,0,0,0,0,0,0,2,0,0,0,0,0,2,2,6,0,0,0,0,0,0,9,3,0,0,15,2,6,2,2,0,0,0,7,0,0,0,0,0,0,0,0,3,1,0,0,0,0,2,0,0
167,1,0,0,0,0,0,0,0,0,0,0,0,0,0,1,0,0,0,0,0,0,0,0,0,1,0,0,0,0,0,0,0,0,0,0,3,0,0,0,0,0,0,0,0,0,0,0,0,0,0,0,0,0,0,0,0,0,0,0,0,0,0,0,0,0,0,2,0,0,0,9,0,0,0,0,0,0,0,5,0,0,0,0,0,0,0,0,1,0,0,0,0,0,0,0,0
168,0,0,0,5,0,3,0,0,8,11,0,0,0,1,2,0,0,0,4,0,0,0,0,1,0,5,0,0,0,0,0,4,0,0,0,3,0,0,0,0,0,2,1,0,0,0,0,0,0,3,8,0,18,0,1,0,0,0,0,0,0,0,0,0,0,4,2,5,0,0,8,0,5,1,0,0,1,0,3,1,0,0,1,0,0,1,3,9,2,0,0,0,0,0,0,0
169,0,1,0,0,0,0,0,0,0,0,1,0,0,0,0,0,0,0,0,0,0,1,0,0,0,0,0,0,0,0,1,0,1,0,0,1,0,0,0,0,5,1,0,0,2,0,1,0,0,0,0,0,0,0,0,2,0,0,0,1,0,0,0,0,0,0,0,0,0,0,6,0,1,0,0,0,0,0,0,0,0,0,0,0,0,0,0,0,1,1,0,0,0,0,0,0
170,0,2,0,9,10,0,0,0,2,0,0,19,6,0,3,8,0,0,2,0,0,1,0,13,0,5,0,0,0,0,0,1,0,0,0,3,0,0,16,0,18,2,0,7,0,0,1,13,0,0,3,3,5,1,0,0,1,0,6,11,0,2,0,0,3,1,8,25,0,0,37,0,6,4,0,0,0,0,9,0,1,0,4,0,0,2,4,18,0,0,0,0,0,8,0,0
171,0,0,0,0,0,0,0,0,0,0,1,0,0,0,0,0,0,0,4,0,0,4,0,0,5,0,0,0,0,0,0,0,0,0,0,0,0,0,0,0,7,0,0,0,1,0,0,0,0,0,0,0,0,0,0,5,0,0,0,3,0,0,0,0,0,0,1,2,0,0,5,0,4,0,0,0,0,0,1,0,0,0,0,0,0,0,0,4,0,0,0,0,0,7,0,0
172,0,1,0,1,0,0,0,0,1,0,1,0,0,0,0,0,0,0,0,0,0,0,0,2,0,0,0,0,0,0,0,0,1,0,0,0,1,0,0,0,0,0,0,0,0,0,3,0,0,0,0,0,0,0,0,0,0,0,0,0,0,0,0,0,0,0,0,1,0,0,48,0,0,0,0,0,0,0,0,0,0,0,0,0,0,0,0,0,0,0,0,0,0,0,0,0
173,0,0,0,1,0,0,0,0,0,1,1,0,0,0,0,0,1,0,0,0,0,1,0,0,0,0,0,0,0,0,1,0,0,0,0,1,0,0,0,0,4,2,0,0,0,1,0,0,0,0,0,0,3,0,0,1,0,0,3,3,0,1,0,0,0,0,1,0,0,0,3,0,2,2,0,0,0,0,0,0,0,0,0,0,0,2,0,3,1,1,0,0,0,2,0,0
174,0,0,0,0,0,0,0,0,0,0,0,0,0,0,0,0,1,0,2,0,0,0,0,0,0,1,0,0,0,0,2,0,0,0,0,1,0,0,0,0,3,1,1,0,0,0,0,0,0,0,1,1,0,0,0,0,0,0,1,1,0,0,0,0,0,0,1,2,0,0,3,0,0,0,0,0,0,0,0,0,0,0,0,0,0,0,0,2,0,0,0,0,0,0,0,0
175,0,0,0,0,0,0,0,0,0,0,1,0,0,0,3,0,0,0,0,0,0,0,0,0,0,1,1,0,0,0,0,0,0,0,0,1,0,0,0,0,0,2,0,0,0,0,2,0,1,0,0,0,0,0,0,0,0,0,1,0,0,0,0,0,0,0,0,0,0,0,3,0,6,0,0,0,0,0,0,0,0,0,0,0,0,0,0,1,1,0,0,0,0,0,0,0
176,0,0,0,0,0,0,0,0,1,0,1,0,0,0,0,0,1,0,2,0,0,1,0,0,0,1,0,0,0,0,1,1,1,0,0,1,0,0,0,0,1,1,1,0,0,1,0,0,0,0,0,3,3,0,0,0,0,0,1,0,0,0,0,0,0,0,1,0,0,0,5,0,1,1,0,0,0,1,1,0,0,0,1,0,0,1,0,1,0,0,2,0,0,0,0,0
177,0,0,0,0,2,0,0,0,1,0,1,0,0,2,1,0,2,0,0,0,0,0,0,1,0,0,0,0,1,0,2,0,0,0,0,2,1,0,0,0,3,2,2,0,0,1,0,1,0,0,0,1,1,0,0,0,0,0,2,1,0,3,0,0,0,0,0,0,0,0,2,0,2,1,0,0,0,0,0,0,0,0,0,0,0,1,0,1,0,0,0,0,0,0,0,0
178,0,0,0,1,0,0,0,0,0,1,1,0,0,0,2,0,0,0,0,0,0,0,0,0,0,0,0,0,0,0,0,0,0,0,0,0,0,0,0,0,1,0,0,0,0,0,0,0,0,0,0,0,1,0,0,0,0,0,0,0,0,0,0,0,0,0,2,0,0,0,4,0,3,0,0,0,0,0,0,0,0,0,1,0,1,1,1,0,0,0,1,0,0,0,0,0
179,0,0,0,0,0,0,0,0,0,0,1,0,0,0,0,0,1,0,0,0,0,0,0,0,0,0,2,0,0,0,1,3,0,0,0,0,0,0,0,0,0,1,0,0,0,1,1,0,0,0,0,0,0,0,0,0,0,0,0,0,0,0,0,2,0,0,0,0,0,0,4,0,1,0,0,0,0,0,0,0,0,0,0,0,0,0,0,2,0,0,0,0,0,0,0,0
180,0,1,0,2,0,0,0,0,0,0,1,0,1,0,2,0,0,0,4,0,0,0,0,0,0,0,0,0,0,0,0,0,4,0,0,1,0,0,0,0,1,0,0,0,0,0,0,0,0,0,0,0,0,0,0,0,0,0,0,4,1,0,0,0,1,1,1,1,0,0,6,0,3,0,0,0,0,0,2,0,0,1,0,0,0,0,0,0,1,0,0,0,0,0,0,0
181,0,1,0,2,0,0,0,0,1,0,1,0,0,0,0,0,0,0,0,0,0,0,0,0,0,4,0,0,0,0,3,0,0,0,0,2,1,0,0,0,2,0,0,1,0,0,0,0,0,0,0,0,0,0,0,0,0,0,0,1,0,0,0,1,0,0,0,0,0,0,4,0,0,0,0,1,0,0,2,0,0,0,0,0,0,0,0,0,0,0,0,0,0,3,0,0
182,0,1,0,2,0,0,0,0,1,0,1,0,0,0,0,0,0,0,0,0,0,0,0,0,0,4,0,0,0,0,3,0,0,0,0,2,1,0,0,0,2,0,0,1,0,0,0,0,0,0,0,0,0,0,0,0,0,0,0,1,0,0,0,1,0,0,0,0,0,0,4,0,0,0,0,1,0,0,2,0,0,0,0,0,0,0,0,0,0,0,0,0,0,3,0,0
183,0,1,0,0,4,0,0,0,0,0,0,0,0,0,0,0,1,0,2,0,0,0,0,4,0,0,0,0,0,0,1,0,0,0,0,1,1,0,1,0,1,1,0,0,0,0,0,1,0,0,0,0,1,0,0,0,0,0,0,0,0,1,0,1,0,0,0,0,0,0,11,0,1,2,0,1,0,1,0,0,0,0,0,0,0,1,0,1,0,0,0,0,0,0,0,0
184,0,0,0,0,0,0,0,0,0,0,1,0,0,2,3,2,3,0,0,0,0,0,0,0,0,0,0,0,0,0,3,1,0,0,0,2,0,0,0,1,3,4,1,0,0,0,0,0,0,0,0,1,4,0,0,0,0,0,0,0,0,2,0,0,2,0,6,0,0,0,6,0,1,1,0,0,0,0,1,0,0,0,0,0,4,1,0,3,0,0,0,0,0,0,0,0
185,1,2,2,0,0,3,1,0,0,0,1,0,0,3,0,0,3,0,2,0,1,2,0,1,1,3,1,0,0,1,4,0,0,0,0,1,0,0,0,0,3,4,3,1,1,0,0,0,0,1,2,1,0,1,2,1,0,0,1,1,0,0,2,0,1,2,1,1,0,0,5,0,1,1,1,0,1,1,1,0,1,0,1,0,0,1,0,8,0,0,0,0,1,0,0,0
186,0,0,0,0,0,0,0,0,0,0,0,0,0,0,0,0,0,0,0,0,0,0,0,2,0,0,0,0,0,0,0,0,0,0,0,1,1,0,0,0,0,0,0,0,0,0,0,0,0,0,0,0,0,0,0,0,0,0,0,6,0,0,0,0,0,0,0,0,0,0,2,0,0,0,0,0,0,0,0,0,0,0,3,0,0,0,0,0,0,0,0,0,0,0,0,0
187,1,0,1,1,0,0,0,0,0,3,0,0,0,0,2,0,2,0,0,1,0,0,0,1,1,0,0,0,0,0,4,0,0,0,0,0,0,0,0,0,0,2,0,0,0,0,0,0,0,0,0,0,8,0,0,1,0,1,0,9,0,0,0,0,0,1,5,0,0,0,7,0,4,2,0,0,0,0,3,0,0,0,0,0,5,3,0,4,1,0,0,0,0,0,0,0
188,0,0,3,0,4,0,0,1,0,0,0,1,0,0,0,1,3,0,0,0,0,1,0,1,0,4,0,0,0,0,2,1,0,0,0,1,0,0,0,0,6,2,1,1,2,0,0,0,0,0,0,1,0,0,0,1,0,0,0,0,1,3,0,0,0,0,0,6,0,0,7,0,4,3,0,0,1,0,1,0,1,0,0,0,0,0,0,7,0,0,0,0,0,1,0,0
189,0,0,0,0,0,0,0,1,0,0,1,0,0,0,0,0,0,0,0,0,0,0,0,1,0,0,0,0,0,0,2,0,0,0,0,1,0,0,0,0,4,0,0,0,0,0,0,0,0,0,0,0,0,0,0,3,0,0,0,3,0,0,0,0,0,0,3,0,0,0,7,0,4,0,0,0,0,0,0,0,0,0,0,0,0,0,0,5,0,0,0,0,0,2,0,0
190,0,1,0,1,0,0,0,0,0,1,0,0,0,0,0,0,0,0,1,0,0,0,0,3,0,0,0,0,0,0,1,0,1,0,0,1,0,0,0,0,0,0,0,0,0,0,0,0,0,0,0,0,2,0,0,1,0,0,0,1,0,0,0,0,0,0,1,1,0,0,5,0,5,2,0,0,0,0,1,1,0,0,0,0,0,1,0,0,0,0,0,0,0,0,0,0
191,0,1,0,0,0,5,0,0,0,1,1,0,0,1,0,0,1,0,1,0,0,0,0,0,0,1,0,0,0,0,1,0,0,0,0,1,0,0,0,0,2,0,1,0,0,0,0,0,0,0,0,0,6,0,0,3,0,0,0,0,0,1,0,0,0,0,1,3,0,0,6,0,4,1,0,0,1,0,0,1,0,0,0,0,0,1,1,4,0,0,0,0,0,0,0,0
192,0,0,0,0,0,0,0,0,0,0,1,0,0,0,0,0,0,0,0,0,0,0,0,0,0,1,0,0,0,0,0,0,2,0,0,1,0,0,0,0,3,0,0,0,2,0,0,0,0,0,1,0,0,0,0,1,0,0,0,3,0,0,0,0,0,0,0,0,0,0,2,0,1,0,0,0,0,0,1,0,0,0,1,0,0,0,0,1,0,0,0,0,0,0,0,0
193,0,2,0,0,0,0,0,0,0,0,1,0,0,0,0,0,0,0,0,0,0,0,0,0,1,0,2,0,0,0,2,0,0,0,0,1,0,0,0,0,7,3,0,0,0,0,0,0,0,0,0,1,0,0,0,3,0,0,0,1,0,0,0,0,0,0,0,1,0,0,6,0,1,0,0,0,0,0,1,1,0,0,0,0,0,0,0,3,0,0,0,0,0,0,0,0
194,0,2,0,0,0,0,0,0,0,0,1,0,0,0,0,0,0,0,0,0,0,0,0,0,1,0,2,0,0,0,2,0,0,0,0,1,0,0,0,0,7,3,0,0,0,0,0,0,0,0,0,1,0,0,0,3,0,0,0,1,0,0,0,0,0,0,0,1,0,0,6,0,1,0,0,0,0,0,1,1,0,0,0,0,0,0,0,3,0,0,0,0,0,0,0,0
195,0,1,1,0,0,0,0,0,0,0,1,0,0,0,0,6,2,0,3,0,0,1,0,1,0,6,1,0,0,1,2,0,0,0,0,2,1,0,0,0,8,2,0,1,1,0,0,0,0,0,0,0,0,1,2,4,0,0,0,4,0,0,0,0,1,1,4,4,0,2,8,0,3,0,0,0,0,0,2,0,1,0,1,0,0,1,0,3,0,2,0,0,0,3,0,0
196,0,0,0,0,1,0,0,0,0,0,1,0,0,0,0,0,0,0,0,0,0,0,0,0,1,1,0,0,0,0,0,0,0,0,0,2,0,0,0,0,5,1,0,0,0,0,5,0,0,0,0,1,0,0,0,0,0,0,0,1,0,0,0,0,0,0,0,0,0,0,7,0,1,0,0,0,0,0,0,0,0,0,0,0,0,0,0,2,0,0,0,0,0,1,0,0
197,0,1,0,0,0,1,0,0,0,0,0,0,0,0,0,0,0,0,1,0,0,0,0,0,0,0,0,0,0,1,0,0,0,0,0,0,0,0,0,0,0,0,0,0,1,1,0,0,0,0,1,0,0,0,0,0,0,0,0,0,1,0,0,0,0,1,0,1,0,1,4,0,0,0,0,0,0,0,0,0,0,0,1,0,0,0,0,4,0,0,0,0,0,0,0,0
198,0,1,0,0,0,0,0,0,2,0,1,0,0,0,0,0,2,0,0,0,0,0,0,0,1,0,1,0,0,0,2,0,0,0,0,1,0,0,0,0,1,2,1,0,1,1,0,0,0,0,0,0,0,0,0,0,0,0,0,0,0,1,0,0,0,0,0,0,0,0,3,0,0,1,0,0,0,0,0,0,0,0,0,0,0,1,0,2,0,0,0,0,0,0,0,0
199,0,1,0,0,0,0,0,0,0,0,0,0,0,0,0,0,1,0,0,0,0,0,0,0,0,0,0,0,0,0,1,0,0,0,0,0,0,0,0,0,1,1,2,0,0,0,0,0,0,0,0,0,3,0,0,0,0,0,1,0,0,0,0,0,1,1,0,0,0,0,2,0,1,0,0,0,0,0,0,0,0,0,0,0,1,0,0,0,0,0,0,0,0,0,0,0
200,0,1,0,1,0,0,0,0,1,0,0,0,2,0,0,2,0,0,4,0,0,1,0,2,0,0,0,0,0,2,0,0,0,0,0,1,1,0,0,0,5,0,0,0,0,0,0,0,0,0,0,2,2,0,0,7,0,0,0,1,0,0,0,0,1,0,3,1,0,0,11,0,3,1,0,0,1,0,4,0,1,0,1,0,0,1,0,3,0,1,0,0,0,0,0,0
201,0,0,0,0,0,0,0,0,0,0,1,0,0,0,0,0,0,0,0,0,0,0,0,0,0,0,0,0,0,0,0,1,0,0,0,0,0,0,0,0,0,0,0,0,0,0,0,0,0,0,0,0,0,0,0,0,0,0,0,1,0,0,0,0,0,0,0,0,0,0,0,0,0,0,0,0,0,0,0,0,0,0,0,5,0,1,0,1,0,0,0,0,0,0,0,0
202,0,0,0,0,2,0,0,0,0,0,1,0,0,0,0,0,0,0,0,0,1,0,0,0,0,0,0,1,0,0,0,1,0,0,2,2,0,0,2,0,0,0,0,0,0,1,0,0,0,0,0,0,0,0,0,0,0,1,0,1,0,0,0,0,0,0,0,0,0,0,3,0,0,0,0,0,0,0,0,0,0,0,0,1,0,1,0,1,0,0,0,0,0,0,0,0
203,1,1,0,1,0,0,0,0,0,0,1,0,0,0,1,0,0,0,1,0,0,0,0,0,0,0,0,0,0,0,0,0,0,0,0,0,1,1,0,0,0,0,0,0,0,0,0,2,0,0,0,0,0,0,0,0,0,0,0,0,0,0,0,0,0,0,0,0,1,0,0,0,0,0,0,1,0,0,0,0,0,0,0,4,0,0,0,0,0,0,0,0,0,0,0,0
204,1,0,0,0,0,0,0,0,0,0,1,0,0,0,0,0,0,0,0,0,0,0,0,0,0,0,0,0,0,0,0,1,0,1,1,3,0,1,0,0,0,0,0,0,0,0,0,0,1,0,0,0,0,0,0,0,0,1,0,0,0,0,0,0,0,0,0,1,0,0,0,0,0,1,0,1,0,0,0,0,0,0,1,4,0,0,0,1,1,0,0,0,0,0,0,0
205,0,0,0,0,0,0,0,0,0,0,0,0,0,0,1,0,0,0,0,0,0,0,0,0,0,0,0,1,0,0,0,1,0,0,0,1,0,0,0,0,0,0,0,0,0,0,0,1,0,0,0,0,0,0,0,0,0,0,0,2,0,0,0,0,0,0,0,0,0,0,0,0,0,0,0,0,0,0,0,0,0,0,2,4,0,3,0,4,1,0,0,0,0,0,0,0
206,0,0,0,0,0,0,0,0,0,0,1,0,0,0,0,0,0,0,0,0,0,0,0,0,0,0,0,0,0,0,0,1,0,0,0,0,0,0,0,0,0,0,0,0,0,0,0,1,1,0,0,0,0,0,0,0,0,0,0,0,0,0,0,0,0,0,0,0,0,0,0,0,0,0,0,0,0,0,1,0,0,0,0,5,0,0,0,1,0,0,0,0,0,0,0,0
207,1,0,0,0,0,0,0,0,0,0,1,0,0,0,0,0,2,0,1,0,1,0,0,0,0,0,0,1,0,0,3,1,0,1,1,0,1,0,0,0,0,0,0,0,0,0,0,3,0,0,0,0,0,0,0,0,0,1,0,3,0,0,0,0,0,0,0,0,2,0,1,0,0,0,0,1,0,0,0,0,0,0,1,5,0,0,0,9,3,0,0,0,0,0,0,0
208,1,0,0,0,0,0,0,0,0,0,1,0,0,0,0,0,1,0,0,0,0,0,0,0,1,0,1,1,0,0,1,1,0,1,0,1,0,1,0,0,0,0,0,0,0,0,5,0,1,0,0,0,0,0,0,0,0,1,0,0,0,0,0,0,0,0,0,0,2,0,0,0,0,0,1,0,0,0,0,0,0,0,0,4,0,0,0,1,1,0,0,0,0,0,0,0
209,0,0,0,0,0,0,0,0,0,0,1,0,0,0,0,0,0,0,0,0,0,0,0,0,0,0,0,0,0,0,0,1,0,0,0,1,0,0,0,0,0,0,0,0,0,0,0,1,0,0,0,0,0,0,0,0,0,0,0,0,0,0,0,0,0,0,0,0,0,0,0,0,0,0,0,0,0,0,0,0,0,0,0,3,0,1,0,1,0,0,0,0,0,0,0,0
210,1,0,0,0,1,0,0,0,0,0,1,0,0,0,1,0,0,0,0,0,0,0,0,0,0,0,0,1,0,0,0,1,0,0,0,2,2,0,0,0,0,0,0,0,0,0,0,2,0,0,0,0,0,0,0,0,0,0,0,2,0,0,0,0,0,0,0,0,0,0,1,0,0,0,0,0,0,0,0,0,0,0,2,5,0,2,0,3,1,0,0,0,0,0,0,0
211,1,0,0,0,0,0,0,0,0,0,1,0,0,0,3,0,1,0,0,0,0,0,0,0,1,0,0,0,0,0,1,1,0,1,1,1,0,1,1,0,0,0,0,0,0,0,5,1,0,0,0,0,0,0,0,0,0,1,0,3,0,0,0,0,0,0,0,0,2,0,2,0,0,0,0,0,0,0,1,0,0,0,2,8,0,10,0,2,0,0,0,0,0,0,0,0
212,0,1,0,3,0,0,0,0,0,0,1,0,0,0,4,0,0,0,0,0,0,0,0,0,0,0,0,0,0,0,0,0,0,0,0,2,0,1,0,0,0,0,0,0,0,1,0,1,0,0,0,0,0,0,0,0,0,0,0,2,0,0,0,0,0,0,0,0,1,0,1,0,0,0,0,1,0,0,0,0,0,0,0,4,0,0,0,0,0,0,0,0,0,0,0,0
213,10,0,0,0,0,0,0,0,0,0,1,0,0,0,1,0,8,0,0,0,4,0,0,0,0,0,0,8,0,0,9,3,0,4,4,5,0,0,0,0,0,6,1,0,0,3,5,0,0,0,0,0,0,0,0,0,0,4,0,0,0,0,0,0,0,0,0,0,0,0,1,0,0,0,0,6,0,0,0,0,0,0,6,7,0,3,0,10,3,0,0,0,0,0,0,0
214,1,0,0,0,0,0,0,0,0,0,1,0,0,0,0,0,2,0,0,0,0,0,0,0,0,0,0,1,0,0,1,1,0,0,0,1,2,0,0,0,0,0,0,0,0,1,4,1,1,0,0,0,0,0,0,0,0,0,0,3,0,0,0,0,0,0,0,0,1,0,0,0,0,1,0,0,0,0,1,0,0,0,2,4,0,3,0,3,2,0,0,0,0,0,0,0
215,0,1,0,0,0,0,0,0,0,0,1,0,0,0,0,0,1,0,0,0,0,0,0,0,0,0,0,0,0,0,1,5,0,0,0,3,2,0,2,0,0,0,0,0,0,0,0,2,0,0,0,1,0,0,0,0,0,0,0,2,0,0,0,0,0,0,0,0,0,0,0,0,0,0,0,0,0,0,0,0,0,0,0,2,0,1,0,4,2,0,0,0,0,0,0,0
216,1,0,0,0,0,0,0,0,0,0,1,0,0,0,0,0,1,0,0,0,0,0,0,0,0,0,0,0,0,0,1,1,0,0,0,3,0,0,0,0,0,1,0,0,0,0,0,0,0,0,0,0,0,0,0,0,0,0,0,0,0,0,0,0,0,0,0,2,1,0,0,0,0,0,0,1,0,0,0,0,0,0,0,5,0,0,0,0,0,0,0,0,0,0,0,0
217,3,4,0,0,0,0,0,0,0,0,1,0,0,2,1,0,5,0,0,0,3,0,0,0,0,0,0,10,0,0,7,3,0,3,1,1,3,3,0,0,0,0,0,0,0,1,1,4,4,0,0,0,0,0,0,0,0,4,0,0,0,0,0,0,0,0,0,0,2,0,4,0,0,1,0,0,2,0,0,0,0,0,3,8,0,7,0,5,0,0,0,0,0,2,0,0
218,3,0,0,0,0,0,0,0,0,0,1,0,0,0,0,0,2,0,0,0,0,0,0,0,1,0,0,9,0,0,2,1,0,3,1,0,0,3,0,0,0,0,0,0,0,0,0,0,0,0,0,0,0,0,0,0,0,3,0,2,0,0,0,0,0,0,0,0,3,0,1,0,1,0,0,3,0,0,0,0,0,0,2,8,0,2,0,2,0,0,0,0,0,0,0,0
219,0,2,0,4,0,0,0,0,0,0,1,0,0,0,0,0,0,0,1,0,0,0,0,0,0,0,0,0,0,0,0,1,0,0,0,2,0,0,0,0,0,0,0,0,0,1,0,0,0,0,0,0,0,0,0,0,0,0,0,9,0,0,0,0,0,0,0,0,0,0,3,0,0,0,0,0,0,0,0,0,0,0,1,3,0,1,0,0,0,0,0,0,0,0,0,0
220,3,1,0,0,0,0,0,0,0,0,0,0,0,0,0,0,1,0,0,0,0,0,0,0,0,0,0,2,0,0,1,0,0,1,1,2,0,1,0,0,0,0,0,0,0,0,0,1,1,0,0,0,0,0,0,0,0,1,0,0,0,0,0,0,0,0,0,0,0,0,0,0,0,0,0,0,0,0,0,0,0,0,1,4,0,2,0,0,0,0,0,0,0,0,0,0
221,5,0,0,0,0,0,0,0,0,0,1,0,0,0,1,0,1,0,0,0,0,0,0,0,0,0,0,4,0,0,2,1,0,2,1,0,0,0,0,0,0,0,0,0,0,0,5,0,0,0,0,0,0,0,0,0,0,1,0,1,0,0,0,0,0,0,0,0,1,0,2,0,0,0,0,1,0,0,1,0,0,0,0,3,0,0,0,1,3,0,0,0,0,0,0,0
222,0,0,0,0,0,0,0,0,0,0,0,0,0,0,1,0,6,0,0,0,1,1,0,0,0,0,0,0,0,0,6,5,0,2,0,1,0,0,0,0,1,1,4,0,0,1,0,1,0,0,0,0,0,0,0,0,0,1,3,1,0,0,0,0,0,0,0,0,3,0,0,0,0,0,0,0,0,0,0,0,0,0,2,5,0,0,0,6,1,0,0,0,0,0,0,0
223,2,1,0,0,0,0,0,0,0,0,1,0,0,0,1,0,2,0,0,0,1,0,0,0,0,0,0,1,0,0,2,5,0,1,1,4,2,0,0,0,0,2,0,0,0,0,0,1,1,0,0,0,0,0,0,0,0,1,1,0,0,0,0,0,0,0,0,2,0,0,1,0,0,1,0,1,0,0,4,0,0,0,3,2,0,1,0,9,5,0,0,0,1,1,0,0
224,8,2,1,4,3,0,0,0,0,0,1,0,0,3,1,0,16,0,1,0,6,0,0,0,0,0,0,1,0,0,10,0,3,9,6,6,0,0,5,0,1,4,3,0,0,0,1,7,2,0,0,0,0,0,0,1,0,8,1,2,0,0,0,0,3,0,0,9,3,0,4,0,0,3,0,1,0,0,1,0,0,0,14,20,0,9,0,16,1,0,0,0,0,0,0,0
225,0,0,0,0,0,0,0,0,0,0,1,0,0,0,1,0,0,0,0,0,1,0,0,0,0,0,0,2,0,0,0,0,0,2,1,1,0,0,0,0,0,0,0,0,0,0,0,0,0,0,0,0,0,0,0,0,0,1,0,0,0,0,0,0,0,0,0,0,0,0,0,0,0,2,0,0,0,0,0,0,0,0,1,2,0,0,0,4,0,0,0,0,0,0,0,0
226,0,0,0,2,0,0,0,0,0,0,1,0,0,0,0,0,0,0,0,0,0,0,0,1,0,0,0,0,0,0,2,0,0,0,0,1,1,0,1,0,1,2,0,0,0,1,0,1,0,0,0,2,0,0,0,0,0,0,1,1,0,1,0,0,0,0,0,0,0,0,0,0,0,0,0,0,0,0,0,0,0,0,0,5,0,0,0,1,0,0,0,0,0,0,0,0
227,1,0,0,0,0,0,0,0,0,0,1,0,0,0,0,0,3,0,0,0,0,0,0,0,0,0,0,1,0,0,4,1,0,0,0,2,0,0,0,0,0,2,2,0,0,0,1,0,0,0,0,0,0,0,0,0,0,0,0,1,0,0,0,0,0,0,0,1,0,0,0,0,0,0,0,1,0,0,0,0,0,0,2,4,0,3,0,3,2,0,0,0,1,0,0,0
228,4,0,0,0,0,0,0,0,0,0,1,0,0,2,1,0,2,0,0,0,0,0,0,1,0,0,0,0,0,0,2,1,0,2,0,0,0,0,0,0,0,1,2,0,0,0,0,1,3,1,0,0,0,0,0,0,0,1,0,1,0,1,0,0,0,0,0,2,3,0,0,0,0,0,0,0,0,0,0,0,0,0,4,2,0,0,0,1,1,0,0,0,0,0,0,0
229,2,0,0,1,0,0,0,0,0,0,1,0,0,1,7,1,1,0,0,0,1,0,0,0,0,0,0,1,0,0,2,1,0,1,1,1,1,1,0,0,0,0,0,0,0,1,1,1,1,0,0,0,0,0,0,0,0,1,0,6,0,0,0,0,0,0,0,2,0,0,0,0,0,0,0,0,0,0,1,0,0,0,2,7,0,2,0,15,0,0,0,0,0,0,0,0
230,0,1,0,1,0,0,0,0,0,0,1,0,0,0,0,0,0,0,1,0,0,0,0,0,0,0,0,0,0,0,0,4,0,0,0,1,0,0,0,0,0,0,0,0,0,1,2,2,1,0,0,0,0,0,0,0,0,0,0,3,0,0,0,0,1,0,0,0,0,0,0,0,0,0,0,0,0,0,0,0,0,0,0,3,0,0,0,1,1,0,0,0,0,0,0,0
231,4,1,0,0,1,0,0,0,0,0,1,0,0,1,1,2,0,0,0,0,0,0,0,0,0,0,0,0,0,0,1,1,0,2,0,1,0,1,1,0,0,0,0,0,0,0,0,3,1,0,0,0,1,0,0,0,0,1,0,2,0,0,0,0,1,0,0,2,2,0,2,0,0,0,0,0,0,0,0,0,0,1,2,6,0,0,0,5,1,0,0,0,0,0,0,0
232,1,0,0,1,0,0,0,0,0,0,0,0,0,0,0,0,1,0,0,0,0,0,0,0,0,0,1,0,0,0,1,0,0,0,0,1,1,1,0,0,0,1,0,0,0,0,1,1,2,0,0,0,0,0,0,0,0,0,0,1,0,0,0,0,0,0,0,1,1,0,1,0,0,0,0,1,0,0,0,0,0,0,3,3,0,1,0,4,0,0,0,0,0,0,0,0
233,2,0,0,1,0,0,0,0,0,0,1,0,0,0,0,0,1,0,0,0,0,0,0,1,0,0,0,0,0,0,1,0,0,1,0,4,0,1,0,0,0,1,0,0,0,0,1,5,0,0,0,0,0,0,0,0,0,1,0,5,0,0,0,0,0,0,0,0,2,0,0,0,0,0,0,0,0,0,0,0,0,0,1,7,0,1,0,2,3,0,0,0,0,0,0,0
234,0,0,0,0,0,0,0,0,0,0,1,0,0,0,0,0,1,0,0,0,0,0,0,0,0,0,0,0,0,0,1,1,0,0,0,0,1,0,0,0,0,1,0,0,0,1,1,0,1,0,0,1,0,0,0,0,0,1,1,2,0,0,0,1,0,0,0,0,0,0,0,0,0,0,0,1,0,0,0,0,0,0,0,2,0,0,0,0,1,0,0,0,0,0,0,0
235,2,0,0,0,0,0,0,0,0,0,0,0,0,0,0,0,2,0,0,0,0,0,0,0,0,0,0,1,0,0,2,1,0,3,2,0,3,1,0,0,0,0,0,0,0,0,0,1,1,0,0,0,0,0,0,0,0,3,0,0,0,0,0,0,0,0,0,0,0,0,0,0,0,0,0,0,0,0,0,0,0,0,8,3,0,2,0,0,3,0,0,0,0,0,0,0
236,0,0,0,0,0,0,0,0,0,0,0,0,0,0,3,0,1,0,0,0,0,0,0,0,0,0,0,1,0,0,1,1,0,1,1,1,1,0,0,0,0,0,0,0,0,0,1,2,0,0,0,0,0,0,0,0,0,1,0,2,0,0,0,0,0,0,0,1,0,0,0,0,0,0,0,1,0,0,0,0,0,0,2,3,0,3,0,0,1,0,0,0,0,0,0,0
237,0,2,0,0,0,0,0,0,0,0,1,0,0,1,0,1,1,0,0,0,0,0,0,0,0,0,0,0,0,0,3,2,0,0,0,1,1,1,3,0,1,0,1,0,0,1,2,2,0,0,0,0,0,0,0,0,0,0,0,1,0,0,0,0,1,0,0,0,2,0,1,0,0,0,0,0,0,0,2,0,0,0,5,18,0,1,0,7,0,0,0,0,0,0,0,0
238,4,0,0,0,0,0,0,0,0,0,1,0,0,0,0,0,1,0,0,0,1,0,0,0,0,0,0,0,0,0,1,1,1,1,0,0,0,0,0,0,0,0,0,0,0,1,1,0,0,0,0,0,0,0,0,0,0,1,0,2,0,0,0,0,0,0,0,0,0,0,0,0,0,0,0,0,0,0,0,0,0,0,7,8,0,0,0,0,0,0,0,0,0,0,0,0
239,0,0,0,0,0,0,0,0,0,0,1,0,0,0,0,0,0,0,0,0,0,0,0,0,0,0,0,1,0,0,0,1,0,0,0,0,0,0,0,0,0,0,0,0,0,0,0,0,0,0,0,0,0,0,0,0,0,0,0,0,0,0,0,0,0,0,0,1,0,0,0,0,0,0,0,0,0,0,0,0,0,0,0,7,0,4,0,0,0,0,0,0,0,0,0,0
240,1,1,0,0,1,0,0,0,0,0,1,0,0,3,0,0,1,0,0,0,0,0,0,0,0,0,0,0,0,0,1,0,0,0,0,1,0,0,0,0,0,0,0,0,0,0,1,8,0,0,0,0,1,0,0,0,0,0,0,2,0,0,0,0,1,0,0,1,0,0,0,0,0,0,0,2,0,0,0,0,0,0,3,6,0,1,0,6,2,0,0,0,0,0,0,0
241,1,0,0,5,0,0,0,0,0,0,1,0,0,0,2,0,1,0,0,0,0,0,0,0,0,0,0,0,0,0,1,1,0,1,1,5,1,2,0,0,0,0,0,0,0,0,1,0,0,0,0,0,0,0,0,0,0,0,0,3,0,0,0,0,0,0,0,0,1,0,0,0,1,0,0,0,0,0,0,0,0,0,0,10,0,2,0,0,0,0,0,0,0,0,0,0
242,0,0,0,0,0,0,0,0,0,0,0,0,0,0,1,0,1,0,0,0,0,0,0,0,0,0,0,0,0,0,1,1,0,1,1,1,0,1,0,0,0,0,0,0,0,0,0,0,0,0,0,0,0,0,0,0,0,1,0,0,0,0,0,0,0,0,0,0,1,0,0,0,0,0,0,0,0,0,0,0,0,0,3,4,0,2,0,2,0,0,0,0,0,0,0,0
243,1,0,1,0,0,0,0,0,0,0,0,0,0,1,0,0,1,0,0,0,0,0,0,0,1,0,0,2,0,0,1,0,0,1,1,1,0,0,0,0,0,1,1,1,0,0,0,1,0,0,0,0,0,0,0,0,0,1,1,3,0,0,0,0,0,0,0,0,1,0,0,0,0,2,0,1,0,0,0,0,0,0,2,8,0,0,0,3,0,0,0,0,0,0,0,0
244,13,0,0,0,0,0,0,0,0,0,1,0,0,0,0,0,0,0,0,0,0,0,0,0,0,0,0,10,0,0,0,1,0,5,2,1,0,0,0,0,0,0,0,0,0,0,0,0,0,0,0,0,1,0,0,0,0,7,0,0,0,0,0,0,0,0,0,1,0,0,2,0,0,2,0,11,0,0,0,0,0,0,0,1,0,1,0,11,6,0,0,0,0,0,0,0
245,3,0,0,2,0,0,0,0,0,0,1,0,0,0,0,0,1,0,0,0,0,0,0,0,0,0,1,1,0,0,1,1,0,1,0,3,0,2,0,0,0,0,0,0,0,1,0,0,1,0,0,0,0,0,0,0,0,1,0,0,0,0,0,0,0,0,0,0,1,0,1,0,0,0,0,0,0,0,0,0,0,0,0,5,0,0,0,1,3,0,0,0,0,0,0,0
246,0,2,0,1,0,0,0,0,0,0,1,0,0,0,0,0,0,0,0,0,0,0,0,0,0,0,0,0,0,0,0,0,0,1,0,1,0,1,0,0,0,0,0,0,0,0,1,1,0,0,0,0,0,0,0,0,0,1,0,3,0,0,0,0,0,0,0,0,1,0,4,0,0,0,0,0,0,0,0,0,0,0,3,8,0,2,0,2,0,0,0,0,0,0,0,0
247,0,0,0,0,0,0,0,0,0,0,0,0,0,0,0,0,0,0,0,0,0,0,0,0,0,0,0,2,0,0,0,1,0,0,0,0,0,0,0,0,0,0,0,0,0,0,0,0,0,0,0,0,0,0,0,0,0,0,0,0,0,0,0,0,0,0,0,0,0,0,0,0,0,0,0,0,0,0,0,0,0,0,0,5,0,0,0,2,0,0,0,0,0,0,0,0
248,0,0,0,0,0,0,0,0,0,0,0,0,0,0,0,0,0,0,0,0,0,0,0,1,0,0,0,0,0,0,0,1,0,0,0,0,1,0,1,0,0,0,0,0,0,0,0,1,0,0,0,0,0,0,0,0,0,0,0,0,0,0,0,0,0,0,0,0,0,0,0,0,0,0,0,0,0,0,0,0,0,0,0,3,0,0,0,0,0,0,0,0,0,0,0,0
249,1,0,0,1,0,0,0,0,0,0,1,0,0,0,0,0,1,0,0,0,0,0,0,0,0,0,0,1,0,0,1,1,0,1,1,1,3,0,0,0,0,0,0,0,0,0,1,4,0,0,0,0,0,0,0,0,0,2,0,1,0,0,0,0,0,0,0,0,0,0,0,0,0,0,0,0,0,0,0,0,0,0,5,4,0,1,0,0,1,0,0,0,0,0,0,0
250,1,0,0,0,0,0,0,0,0,0,0,0,0,0,0,0,0,0,0,0,0,0,0,2,0,0,0,0,0,0,1,2,0,2,2,3,3,2,0,0,0,0,0,0,0,0,0,4,0,0,0,0,0,0,0,0,0,2,0,1,0,0,0,0,0,0,0,0,0,0,0,0,0,0,0,1,0,0,0,0,0,0,5,6,0,0,0,2,1,0,0,0,0,0,0,0
